source_path,migration_status,source_sha256,reason
.dependency-cruiser.cjs,PRESERVED_RENAMED,52e4c8cdb2e5cc0f20f498dd7a7a0627d3621ef49bd0ffc04cebd2cb4bcad4a3,Technical scaffold migrated to ZENLABS namespace.
.env.example,PRESERVED_RENAMED,8a457d362904c6a1e190c00abd5cffd6fe999def6bfdadb27f37e06221fcd758,Technical scaffold migrated to ZENLABS namespace.
.githooks/pre-commit,PRESERVED_RENAMED,87925a9f0b67ed34928cdbd4a5a11e951811af2d5f96c1ef25ff50c0c60c36fa,Technical scaffold migrated to ZENLABS namespace.
.github/actions/setup/action.yml,PRESERVED_RENAMED,a2cdafdd73cc6ec7fb186940f7e684d0ad57e4feddbc5ef14f49e6e37afd0ab9,Technical scaffold migrated to ZENLABS namespace.
.github/workflows/ci.yml,PRESERVED_RENAMED,d7fdfccff703245a778053269e2ec4a86631e99efcd630e2ecbb4076cff5b774,Technical scaffold migrated to ZENLABS namespace.
.gitignore,PRESERVED_RENAMED,f6fc690d698533574f73edc4b8213c94b98de6681f863dd67ed363e90c808036,Technical scaffold migrated to ZENLABS namespace.
.gitleaks.toml,PRESERVED_RENAMED,6d991ddf7c7d5ab605d6253e4f31fc0473868b07c0f7e7f1f8c25a541d9815c6,Technical scaffold migrated to ZENLABS namespace.
.neocortex/architecture-policy.json,SUPERSEDED,d6e2a62de47e896bb79633d90de9d9e4cfe6b738c838d0c6cf3b0b01c272dd33,Product authority/state replaced by ZENLABS V2 policy; source archived.
.neocortex/state.json,SUPERSEDED,cef71c8d42dfcd51c02e593e0a7c65d9cc26a442894df099eda6755f65bf33b6,Product authority/state replaced by ZENLABS V2 policy; source archived.
.npmrc,PRESERVED_RENAMED,921f2bb325de28177394c82947f85f42be8280b2d962fa685de491ae682f5fa3,Technical scaffold migrated to ZENLABS namespace.
.nvmrc,PRESERVED_RENAMED,08062faf0d7a2d22f5d7933c50e975dd1527034275597be7c1b3b9fd2b9d079a,Technical scaffold migrated to ZENLABS namespace.
README.md,SUPERSEDED,4540fded330f6ab4e34997c8126c83d6aa4161c83fd2a351b0b6a648a9869080,Replaced by ZENLABS V2 README; exact source archived.
apps/api/package.json,PRESERVED_RENAMED,299252a7a0c3e798432ba4de234655e17862cd75d6d3374726c927e81f3102ef,Technical scaffold migrated to ZENLABS namespace.
apps/api/src/app.module.ts,PRESERVED_RENAMED,39329807cdd64b81baebad37c0abe261ae20da72990e6e9f0286ede4984123a8,Technical scaffold migrated to ZENLABS namespace.
apps/api/src/common/correlation/correlation.middleware.ts,PRESERVED_RENAMED,5ec78e351f529e061cf2caa7bc5edc0ffb424506c9d144bd02317d008b9de0ac,Technical scaffold migrated to ZENLABS namespace.
apps/api/src/common/errors/app-error.ts,PRESERVED_RENAMED,5d1a49fbc0427549806745d13a32779d6dc0b655cb2d6e08a8d82c1081c4b832,Technical scaffold migrated to ZENLABS namespace.
apps/api/src/common/filters/problem-details.filter.ts,PRESERVED_RENAMED,f13de3ca1b6a1a7a481e5b0713416df6fc104d4c0c99444ec3b0bc832bf015a1,Technical scaffold migrated to ZENLABS namespace.
apps/api/src/common/pipes/contract.ts,PRESERVED_RENAMED,32ca91a73d11f4c4b6a4354cfc99f10edb545621f9b6a487e00df2aec6bb14c0,Technical scaffold migrated to ZENLABS namespace.
apps/api/src/common/pipes/zod-validation.pipe.ts,PRESERVED_RENAMED,a9785d77485ca054a11d5e8941019e9ad9e006980ad3674d2b64da3731b9d452,Technical scaffold migrated to ZENLABS namespace.
apps/api/src/health/health.contract.ts,PRESERVED_RENAMED,70e412df95d3293748a6c61b219f4f1d01938fe7097321dec4f324b379692a35,Technical scaffold migrated to ZENLABS namespace.
apps/api/src/health/health.controller.ts,PRESERVED_RENAMED,ceb9429329d707376497fca3e4a2d4c3f982308d5437e45be7cbbcab0702345d,Technical scaffold migrated to ZENLABS namespace.
apps/api/src/health/health.tokens.ts,PRESERVED_RENAMED,d96118dc3608e51d9b406508531eac0b38cf628f366518952dda0ea154d0de50,Technical scaffold migrated to ZENLABS namespace.
apps/api/src/main.ts,PRESERVED_RENAMED,6594219fd6ec3abe5de2ea172f2d3d10dac5932f985706ce47ca284833084a7f,Technical scaffold migrated to ZENLABS namespace.
apps/api/src/modules/README.md,PRESERVED_RENAMED,6c0b69a5b80191db58e45739555f0e64ce9d8cb2350755850cfbec78d8eacf15,Technical scaffold migrated to ZENLABS namespace.
apps/api/src/openapi/generate.ts,PRESERVED_RENAMED,b6f8a6c6844ef77448410484b937bb64804835c03bf89108ad9268d1a92b00bd,Technical scaffold migrated to ZENLABS namespace.
apps/api/src/openapi/registry.ts,PRESERVED_RENAMED,81ff6af7be51f96a352c0f24daf9853a426e69447961f4967c78fdfa251875cd,Technical scaffold migrated to ZENLABS namespace.
apps/api/src/openapi/render.ts,PRESERVED_RENAMED,b20a745ad9ca0f02627cc8bd32a79f72185be75e192a249c7667b275520f73db,Technical scaffold migrated to ZENLABS namespace.
apps/api/test/pipeline.test.ts,PRESERVED_RENAMED,3443175cfe5f810d5aa3145d70a09bf9439da6aa819f2b15aaaa96c2590c9e7e,Technical scaffold migrated to ZENLABS namespace.
apps/api/test/shutdown-ownership.test.ts,PRESERVED_RENAMED,eaeb7edd485bf53632f95cf138bd71ff6a4158469fe3d2f7015460256173cfae,Technical scaffold migrated to ZENLABS namespace.
apps/api/test/validation-pipeline.test.ts,PRESERVED_RENAMED,13f3473d32cf0c9ff3bbfe58be2466e97520edbb0543e62395411b0f86ed924d,Technical scaffold migrated to ZENLABS namespace.
apps/api/tsconfig.build.json,PRESERVED_RENAMED,742acc82a5e51155a0ab6ea2bef5faa0e2cb1f348f46c281bf400da79aaa609b,Technical scaffold migrated to ZENLABS namespace.
apps/api/tsconfig.json,PRESERVED_RENAMED,a167feb6be11aa4a2513e959c01478efc0c1e4779611f0c7b8523b9cd8a19691,Technical scaffold migrated to ZENLABS namespace.
apps/web/next-env.d.ts,PRESERVED_RENAMED,85ae5aee75f011967cf2d25cbc342f62d69314e9d925f7f4aa3456fc2cffcca6,Technical scaffold migrated to ZENLABS namespace.
apps/web/next.config.mjs,PRESERVED_RENAMED,74c83b02efedbb760324306dbac861e55537ec3747ecd247d34b8847568fd508,Technical scaffold migrated to ZENLABS namespace.
apps/web/package.json,PRESERVED_RENAMED,6a995bc610dc8b85fdd19b0ca813bc636787cc7a3d2473d388260b05a1097028,Technical scaffold migrated to ZENLABS namespace.
apps/web/src/app/api/health/route.ts,PRESERVED_RENAMED,7e3e2de01ebcf19026ce851508dccb5c46db794a06f19c9061c3119d9a6ed817,Technical scaffold migrated to ZENLABS namespace.
apps/web/src/app/layout.tsx,PRESERVED_RENAMED,7910181cb4963b19ea9402770b79b8e2ff70577ae9faee2135e47380d35f99ca,Technical scaffold migrated to ZENLABS namespace.
apps/web/src/app/page.tsx,PRESERVED_RENAMED,fc3a8e80639726f4abfe062107452ae0456952902099d3678e2223607187d906,Technical scaffold migrated to ZENLABS namespace.
apps/web/src/main.ts,PRESERVED_RENAMED,0e0842b56a705258eadb3a024fc83878edee3a2aace2311072e5df8414f29390,Technical scaffold migrated to ZENLABS namespace.
apps/web/tsconfig.build.json,PRESERVED_RENAMED,4e3ad1894df75c584b364a005d982fc871d9cd69f1cf571e1022a849a9ff0307,Technical scaffold migrated to ZENLABS namespace.
apps/web/tsconfig.json,PRESERVED_RENAMED,a380709a6a9fbd8de4fa12d5674353609cd01d2f32284ae7add85bdb83de431a,Technical scaffold migrated to ZENLABS namespace.
apps/worker-ai/package.json,PRESERVED_RENAMED,8bf6aa8d5d3c9c30a2d5679f1922b215bf7f280b855d28651699dd696fd95802,Technical scaffold migrated to ZENLABS namespace.
apps/worker-ai/src/main.ts,PRESERVED_RENAMED,fedd49234ab96344939f7f40d14351cd7a81644b5b9c6755bf085584904e3066,Technical scaffold migrated to ZENLABS namespace.
apps/worker-ai/src/manifest.ts,PRESERVED_RENAMED,d5802f7e51ef7db26814cb8e771276ccc2c2aa44e9565e505a4988772fdb9a58,Technical scaffold migrated to ZENLABS namespace.
apps/worker-ai/src/runtime.ts,PRESERVED_RENAMED,d469bcf6da4a836cd3216df16f67220c69563db40d529516388d514c2b6e1863,Technical scaffold migrated to ZENLABS namespace.
apps/worker-ai/test/drain.test.ts,PRESERVED_RENAMED,91deb11d2bc87e39d24ba93698abd856232061e07afcf354857c9a9a4deaf8e4,Technical scaffold migrated to ZENLABS namespace.
apps/worker-ai/tsconfig.build.json,PRESERVED_RENAMED,742acc82a5e51155a0ab6ea2bef5faa0e2cb1f348f46c281bf400da79aaa609b,Technical scaffold migrated to ZENLABS namespace.
apps/worker-ai/tsconfig.json,PRESERVED_RENAMED,a167feb6be11aa4a2513e959c01478efc0c1e4779611f0c7b8523b9cd8a19691,Technical scaffold migrated to ZENLABS namespace.
apps/worker-media/package.json,PRESERVED_RENAMED,3da31a55532ae9c524a87c7a969ac047ce9a45ee1db50e109d7c062440f83f3e,Technical scaffold migrated to ZENLABS namespace.
apps/worker-media/src/main.ts,PRESERVED_RENAMED,6b2b2d8fe7cb5b5114e9cf4ce0eabef4394556bcc811d72208d5f54d71614b87,Technical scaffold migrated to ZENLABS namespace.
apps/worker-media/src/manifest.ts,PRESERVED_RENAMED,deffb9a240aa686bfc5cdb4a96253ea52891b3e8d1c82e48d1767019670de470,Technical scaffold migrated to ZENLABS namespace.
apps/worker-media/src/runtime.ts,PRESERVED_RENAMED,d469bcf6da4a836cd3216df16f67220c69563db40d529516388d514c2b6e1863,Technical scaffold migrated to ZENLABS namespace.
apps/worker-media/tsconfig.build.json,PRESERVED_RENAMED,742acc82a5e51155a0ab6ea2bef5faa0e2cb1f348f46c281bf400da79aaa609b,Technical scaffold migrated to ZENLABS namespace.
apps/worker-media/tsconfig.json,PRESERVED_RENAMED,a167feb6be11aa4a2513e959c01478efc0c1e4779611f0c7b8523b9cd8a19691,Technical scaffold migrated to ZENLABS namespace.
apps/worker-social/package.json,PRESERVED_RENAMED,273ef1927d64365fc6e085614c8324501ceccccf70db567ce445438d1422811f,Technical scaffold migrated to ZENLABS namespace.
apps/worker-social/src/main.ts,PRESERVED_RENAMED,a70002884c493e4890e3e7ae7faf46f0b3b1caf950e3af1d2cfc44cdfdd6a9a7,Technical scaffold migrated to ZENLABS namespace.
apps/worker-social/src/manifest.ts,PRESERVED_RENAMED,9bd1dc3dee0a079759605d69382437bc146378c5a0f4c810e2c8b58992485ba8,Technical scaffold migrated to ZENLABS namespace.
apps/worker-social/src/runtime.ts,PRESERVED_RENAMED,d469bcf6da4a836cd3216df16f67220c69563db40d529516388d514c2b6e1863,Technical scaffold migrated to ZENLABS namespace.
apps/worker-social/tsconfig.build.json,PRESERVED_RENAMED,742acc82a5e51155a0ab6ea2bef5faa0e2cb1f348f46c281bf400da79aaa609b,Technical scaffold migrated to ZENLABS namespace.
apps/worker-social/tsconfig.json,PRESERVED_RENAMED,a167feb6be11aa4a2513e959c01478efc0c1e4779611f0c7b8523b9cd8a19691,Technical scaffold migrated to ZENLABS namespace.
docs/api/openapi.yaml,MIGRATED_COMPATIBILITY,12f63f0251d4100ff88991b61cf5154d3f0006914b6f190a439385dc3af2c102,Executable OpenAPI baseline retained/renamed; V2 routes are future contracts.
docs/architecture/README.md,ARCHIVED_REFERENCE,d9737071ad462d0ccc26d4ddaa64a2aa7b30f51639ef3d33b568cf0f15c50499,Architecture document archived; relevant concepts rewritten in V2 canonical docs.
docs/architecture/adr/0001-modular-monolith.md,PRESERVE_CONCEPT,65038abb81a8f545b96e45d405db4f5eeee2197e25000cabf5a60100d84cfe5e,Legacy ADR explicitly triaged; canonical authority is V2 ADR set.
docs/architecture/adr/0002-monorepo.md,PRESERVE_CONCEPT,846a8a6eac8b890c649df0947734fcc1a6ebe548f726d18d9386f42cf753dff2,Legacy ADR explicitly triaged; canonical authority is V2 ADR set.
docs/architecture/adr/0003-frontend-stack.md,REVIEW_TECH_GATE,4c08e829704d09abc91a569f70538f5a74d57993787cf151f6ac06616241a915,Legacy ADR explicitly triaged; canonical authority is V2 ADR set.
docs/architecture/adr/0004-backend-stack.md,REVIEW_TECH_GATE,3124448143c865bc5ad2fcb93a518674d218d0f903c81588ae6c3d16f3232899,Legacy ADR explicitly triaged; canonical authority is V2 ADR set.
docs/architecture/adr/0005-authentication-strategy.md,PRESERVE_REVIEW_SECURITY,5e1cd803c126f9b780b546cc3d39751e869ee7053ac59eed2b4da987ef5dfeed,Legacy ADR explicitly triaged; canonical authority is V2 ADR set.
docs/architecture/adr/0006-tenancy-isolation.md,PRESERVE_CONCEPT,cb9e85f41d66cc7e5d008ea7fef1a96447eca6a35720b2afac0305c6d1b3c07c,Legacy ADR explicitly triaged; canonical authority is V2 ADR set.
docs/architecture/adr/0007-postgresql-pgvector.md,PRESERVE_REVIEW_NEED,64fb641792d424e899aa7262b763ba29707a17aeb45388cbcca56b9031dc35c6,Legacy ADR explicitly triaged; canonical authority is V2 ADR set.
docs/architecture/adr/0008-orm-data-access.md,PRESERVE_REVIEW_TECH,338d9b1c4a98bad1891c898a6fa0eb23c81cadae827e3acdef9840dd57e2a6cc,Legacy ADR explicitly triaged; canonical authority is V2 ADR set.
docs/architecture/adr/0009-asynchronous-processing.md,PRESERVE_CONCEPT,1741cee626e04bb0853a7fe368bf3484b0c0e3a5ca67244fa6c6316bcf58579b,Legacy ADR explicitly triaged; canonical authority is V2 ADR set.
docs/architecture/adr/0010-scheduling.md,REFACTOR_V2,6e3d2e894da80fcbce9115fddafc803a00eeeafa669480250f5d16e5ee7a0da7,Legacy ADR explicitly triaged; canonical authority is V2 ADR set.
docs/architecture/adr/0011-provider-abstraction.md,PRESERVE_EXPAND_V2,223b62738c7cf7199181a7a32377e53deb5694e42e81fdd66d1d20c5fd7653eb,Legacy ADR explicitly triaged; canonical authority is V2 ADR set.
docs/architecture/adr/0012-heygen-integration.md,SUPERSEDED,dd47ed2290de0d54fbdfd23ed2306f4e1fb6731bf3af0c38101c735cd8d4f5ac,Legacy ADR explicitly triaged; canonical authority is V2 ADR set.
docs/architecture/adr/0013-voice-video-audio-handoff.md,REFACTOR_V2,596b91c43b18ad0e2108eab2977f7f370553ec3f6fb7db7e817e771e0294b538,Legacy ADR explicitly triaged; canonical authority is V2 ADR set.
docs/architecture/adr/0014-elevenlabs-integration.md,REFACTOR_PROVIDER_OPTIONAL,1fffc2d39b43d6a95bcb9747cbf75d498f94abadc0d6d369b5b29bf83d8c9c01,Legacy ADR explicitly triaged; canonical authority is V2 ADR set.
docs/architecture/adr/0015-ai-model-routing.md,REFACTOR_V2,c696d6c50aec379cea917f46fe9d76e879d613a7a1dce49122c4dbff7b54942b,Legacy ADR explicitly triaged; canonical authority is V2 ADR set.
docs/architecture/adr/0016-media-storage.md,PRESERVE_CONCEPT,589b3fe8b89e07f02c6e3607d89ccdf3eebb6256592f9f3e228c14b55edad5af,Legacy ADR explicitly triaged; canonical authority is V2 ADR set.
docs/architecture/adr/0017-social-publishing.md,PRESERVE_LATER,5ea97b341e6d73b2e5b3c25950d341d1d950cf3e13ea7f59720b91c49b03777f,Legacy ADR explicitly triaged; canonical authority is V2 ADR set.
docs/architecture/adr/0018-usage-ledger.md,SUPERSEDED_COMMERCIAL_SEMANTICS,121de0eb227693878e5649c6ae3a28d7d7fa218f397162e4e8cd6b214e4fa974,Legacy ADR explicitly triaged; canonical authority is V2 ADR set.
docs/architecture/adr/0019-aws-region.md,REVIEW_CLOUD_GATE,57aa8934866bfff4c0f74fc994a08af97c32dfe830882af9c4a55278c2ad4e82,Legacy ADR explicitly triaged; canonical authority is V2 ADR set.
docs/architecture/adr/0020-aws-initial-topology.md,REVIEW_CLOUD_GATE,09be5ce28f4d1ef3135e4a4110292794640748b359e1a817ec3f425ead7f265e,Legacy ADR explicitly triaged; canonical authority is V2 ADR set.
docs/architecture/adr/0021-scaling-gates.md,REFACTOR_SCALE_V2,7f323dc70526e34a8800af5ac1d3580ca08c7220e33c3e4312e41cf9c39fbb66,Legacy ADR explicitly triaged; canonical authority is V2 ADR set.
docs/architecture/adr/0022-secrets-management.md,PRESERVE_CONCEPT,c20c13640f046a7e875cb40b87fb9abb152536c3e8a9e9d6cc1d9ea254aafee5,Legacy ADR explicitly triaged; canonical authority is V2 ADR set.
docs/architecture/adr/0023-observability.md,PRESERVE_EXPAND_V2,18ac73e77a88c46d76483a8f244343cd3a3e01dad9d278a98ed416b140d7b289,Legacy ADR explicitly triaged; canonical authority is V2 ADR set.
docs/architecture/adr/0024-audit-and-governance.md,PRESERVE_CONCEPT,a73fe207b574be6c06234b58c4facbc8914bfa65b83870545fada40e902e28cb,Legacy ADR explicitly triaged; canonical authority is V2 ADR set.
docs/architecture/adr/0025-provider-cost-ledger.md,PRESERVE_EXPAND_V2,66760df225297b87ff9c6d34e52b6460fc57dd0f7348ddeabdc14f05bc8486dc,Legacy ADR explicitly triaged; canonical authority is V2 ADR set.
docs/architecture/adr/0026-no-redis-at-mvp.md,PRESERVE_UNTIL_TRIGGER,a37771a5e583549e92dae5cb4e0a0d18e69d3aaba33ab6c16bcfadf9eb835997,Legacy ADR explicitly triaged; canonical authority is V2 ADR set.
docs/architecture/adr/0027-notifications.md,PRESERVE_LATER,be5526c0e86d8d0f8f6e711e573f991b391ef364d70ebc4a249c284a24ededec,Legacy ADR explicitly triaged; canonical authority is V2 ADR set.
docs/architecture/adr/0028-design-system-without-page-stories.md,REFACTOR_DESIGN_V2,1287d2a825c54234577f61ce9df0060f94818cb9d11f357376b12dcca562b2d7,Legacy ADR explicitly triaged; canonical authority is V2 ADR set.
docs/architecture/adr/0029-payment-provider-extension-point.md,PRESERVE_EXTENSION_POINT,e34120c57e04852ab24b0d5e68adf4fe789f5ee99a26edfd81c1335fe09e71ba,Legacy ADR explicitly triaged; canonical authority is V2 ADR set.
docs/architecture/adr/0030-idempotency-strategy.md,PRESERVE_EXPAND_V2,5df1430c3f1d6da917f433eee9dabe41fcb02f1297c3e37873248ce50734ec96,Legacy ADR explicitly triaged; canonical authority is V2 ADR set.
docs/architecture/adr/0031-webhooks-untrusted-hints.md,PRESERVE_CONCEPT,f16bcf43b03269ea9741f2a2d067a2c4c1292fe08fdafe1f13150a7a04aeb258,Legacy ADR explicitly triaged; canonical authority is V2 ADR set.
docs/architecture/adr/0032-api-style-rest.md,PRESERVE_CONCEPT,a72aba9e82c8eec64d7edc11e8f27dfcf034316b77f1a9c43fffed13c32e2428,Legacy ADR explicitly triaged; canonical authority is V2 ADR set.
docs/architecture/adr/0033-qa-policy.md,SUPERSEDED,e70230a8a54e58d890f6d7d7b7634f352d818d4cf8cbeb516d5b7f32eb50d8aa,Legacy ADR explicitly triaged; canonical authority is V2 ADR set.
docs/architecture/adr/0034-ingestion-decoupled-from-billing.md,PRESERVE_WITH_LEDGER_SPLIT,f9fba2f3c8a2eae2102b4ea6e25ce496e41a36dba6d254e4f21225ba1bc15a29,Legacy ADR explicitly triaged; canonical authority is V2 ADR set.
docs/architecture/adr/0035-frontend-toolkit-boundaries.md,REFACTOR_DESIGN_V2,cc3f0660e24346506165d30c8833c4a0f1cd88452932caecd5a56e31f5c266cd,Legacy ADR explicitly triaged; canonical authority is V2 ADR set.
docs/architecture/adr/README.md,ARCHIVED_INDEX,1ddf42769f779d85db5b45d63bd3c3733f4f5845e4f03ff161e3250b50c730ed,Legacy ADR index archived.
docs/architecture/api-contracts.md,ARCHIVED_REFERENCE,fa9bfa20eee754eaea5e39b96d18a1e08d9ed71dfb68881827bbccadfd39ab24,Architecture document archived; relevant concepts rewritten in V2 canonical docs.
docs/architecture/architecture.md,ARCHIVED_REFERENCE,68ddf4492fdb7afdb1b2ab567da5a5be9f6fe55c10113cbe4e2c8536aee061a9,Architecture document archived; relevant concepts rewritten in V2 canonical docs.
docs/architecture/assumptions.md,ARCHIVED_REFERENCE,1d1937609375ceab4b6b9db3fe977e116cfa74120a08946f03ecf8c2571cabce,Architecture document archived; relevant concepts rewritten in V2 canonical docs.
docs/architecture/aws-topology.md,ARCHIVED_REFERENCE,8cfd67cb1508198281650fdb160b30ae783de7e0cec7b95e861821efac294fd6,Architecture document archived; relevant concepts rewritten in V2 canonical docs.
docs/architecture/change-requests/ACR-001-unmapped-error-stable-code.md,ARCHIVED_REFERENCE,14b1ffffc65c51f918f4feeed1d94265d4281cc7aa66c8e6a8c84aa386253f3f,Architecture document archived; relevant concepts rewritten in V2 canonical docs.
docs/architecture/cicd.md,ARCHIVED_REFERENCE,74e9c1131bebe98a02eef8176efa4bf050cd5e41757a40d972be95614e351b50,Architecture document archived; relevant concepts rewritten in V2 canonical docs.
docs/architecture/database-schema.md,ARCHIVED_REFERENCE,7c7e91ad91ef428f58846833db0cd4d5f510e3ed74bb0c0492a4e09d0f2b9353,Architecture document archived; relevant concepts rewritten in V2 canonical docs.
docs/architecture/domain-model.md,ARCHIVED_REFERENCE,574491536522cbb37c80a513ab6003060960bbab88a95fb68287c3602a8c9823,Architecture document archived; relevant concepts rewritten in V2 canonical docs.
docs/architecture/fitness-functions.md,ARCHIVED_REFERENCE,58d2a1f1e7a9f099a3212130a082ce7e554bbaa26c3ac82c1d7556a84f735add,Architecture document archived; relevant concepts rewritten in V2 canonical docs.
docs/architecture/implementation-sequencing.md,ARCHIVED_REFERENCE,b58b4698a410fb1ae0ba02a3de36e0a474780740d9de308d0f7d507756d3b8be,Architecture document archived; relevant concepts rewritten in V2 canonical docs.
docs/architecture/intelligence-engine.md,ARCHIVED_REFERENCE,9f4730480d1ba5aa0dc96a419f669a13fb6f004d5409e139ed97ee76a6f8a00d,Architecture document archived; relevant concepts rewritten in V2 canonical docs.
docs/architecture/knowledge-engine.md,ARCHIVED_REFERENCE,586bb576d60d18c1ba0876abf9a4299306a571d868b6e25cc7249a3df74294b3,Architecture document archived; relevant concepts rewritten in V2 canonical docs.
docs/architecture/migrations.md,ARCHIVED_REFERENCE,1af4e56739eadbeefdf81559320b39371a3fe8d49977e3632f9bfc185d5cd03d,Architecture document archived; relevant concepts rewritten in V2 canonical docs.
docs/architecture/observability.md,ARCHIVED_REFERENCE,19f9ba046f1e6d1cbd4a73d980113cf5d6333fa1c47f5f5ef444671c1819d8e5,Architecture document archived; relevant concepts rewritten in V2 canonical docs.
docs/architecture/performance.md,ARCHIVED_REFERENCE,c5dba5ac03acb62ac904b6a8836142b86dd481d5169d3a6e787ddd621e33bcee,Architecture document archived; relevant concepts rewritten in V2 canonical docs.
docs/architecture/prd.md,ARCHIVED_REFERENCE,fd926e5aab004b8b8501927001fba6a14cad5a195149cd976f6528bdd599ca0a,Architecture document archived; relevant concepts rewritten in V2 canonical docs.
docs/architecture/provider-architecture.md,ARCHIVED_REFERENCE,bcc45efcbc26d46a974cb0f6fa78eb95ef9dc5ea5d7a372b1bf9c2e37b9421e3,Architecture document archived; relevant concepts rewritten in V2 canonical docs.
docs/architecture/provider-cost-ledger.md,ARCHIVED_REFERENCE,99d287cbbe561b075c23d8c09e2af3bbe66a977b9e7d710281fc5a5e4bfb8f72,Architecture document archived; relevant concepts rewritten in V2 canonical docs.
docs/architecture/risks.md,ARCHIVED_REFERENCE,322e5ea6853709319cb32ff70fd98925f6538ad97c431e6b4007cd3bf29b2917,Architecture document archived; relevant concepts rewritten in V2 canonical docs.
docs/architecture/scalability-gates.md,ARCHIVED_REFERENCE,0abd5fbaf188c1404a28f1de0b2a12184047f3b3c6bce36960eacc965178ba7d,Architecture document archived; relevant concepts rewritten in V2 canonical docs.
docs/architecture/security-architecture.md,ARCHIVED_REFERENCE,9c092fc037ca29ac50cdf06285ee3b75973f1d5376fa814c362b9be4554eaeec,Architecture document archived; relevant concepts rewritten in V2 canonical docs.
docs/architecture/social-publishing.md,ARCHIVED_REFERENCE,aa135de26154c3c9aa81b5948f2086a061e13ab488d3804bf45c8d7d7a7640d9,Architecture document archived; relevant concepts rewritten in V2 canonical docs.
docs/architecture/testing-strategy.md,ARCHIVED_REFERENCE,56f07b90ed65c3c46d88b2336715315b179c121700e0ef7b26b3cbe29ffeb172,Architecture document archived; relevant concepts rewritten in V2 canonical docs.
docs/architecture/threat-model.md,ARCHIVED_REFERENCE,d201050d73777b68a48379c86bea52834aae40f5be6a557bed0ae2971add87d8,Architecture document archived; relevant concepts rewritten in V2 canonical docs.
docs/architecture/usage-ledger.md,ARCHIVED_REFERENCE,6cae8c38cfb0505dd9b3b4167cca59b2da4658d48e6af85095ad6ba258007d6c,Architecture document archived; relevant concepts rewritten in V2 canonical docs.
docs/architecture/workflows-state-machines.md,ARCHIVED_REFERENCE,3adcfd44ebeddaf5b56f40ce5039d4e04267c1df820858eb4367e65e75b555c7,Architecture document archived; relevant concepts rewritten in V2 canonical docs.
docs/epics/README.md,ARCHIVED_LEGACY_BACKLOG,3edd2d5b876217a52bacc05078d22cf6376398a28eb778a010f5c47cd1d0d9a6,Epic plan predates V2 domain and is not executable authority.
docs/epics/backlog-coverage-audit.md,ARCHIVED_LEGACY_BACKLOG,f5a71b7523c5383f57e1fc0412d30d7df4aed6878b4a391010fb46db7496ccee,Epic plan predates V2 domain and is not executable authority.
docs/epics/epic-P1.md,ARCHIVED_LEGACY_BACKLOG,57d4437dbac4807e13dd1430078caefdc285e5cd00476b11ff570fe90169edb9,Epic plan predates V2 domain and is not executable authority.
docs/epics/epic-P10.md,ARCHIVED_LEGACY_BACKLOG,f857b36e98a6c41a40da69a1cb1cf95428d0c6d7210b9aaaa02436f4aad47ad4,Epic plan predates V2 domain and is not executable authority.
docs/epics/epic-P11.md,ARCHIVED_LEGACY_BACKLOG,aec2851b2b4f850d9b9c4f57a19129d1d533d92742f8f193e3ccaf826efee008,Epic plan predates V2 domain and is not executable authority.
docs/epics/epic-P12.md,ARCHIVED_LEGACY_BACKLOG,036f1cfe051099383aa6125f96ff105ec5cde4d1c6709a8a3b0c905a41c6e1c2,Epic plan predates V2 domain and is not executable authority.
docs/epics/epic-P13.md,ARCHIVED_LEGACY_BACKLOG,547b44a41198955ab49c0febc110fa74b33d8a5ff166ee6bc3f51c70a1beea70,Epic plan predates V2 domain and is not executable authority.
docs/epics/epic-P14.md,ARCHIVED_LEGACY_BACKLOG,78f483a53ed2acf9875b80f309227b6d7683811888396633577dd98989b1ea38,Epic plan predates V2 domain and is not executable authority.
docs/epics/epic-P15.md,ARCHIVED_LEGACY_BACKLOG,84cdb7c77475aca17e436c3ed0b92d9be1321981354ac342206fd19f435e37b7,Epic plan predates V2 domain and is not executable authority.
docs/epics/epic-P16.md,ARCHIVED_LEGACY_BACKLOG,42b4de1f9a1454562666d0a51e76c31a76171ba8f1c30cc59f54aec343a87556,Epic plan predates V2 domain and is not executable authority.
docs/epics/epic-P17.md,ARCHIVED_LEGACY_BACKLOG,3c262d0b22fa1029d041af3b25d9c8b9766b79e9754da51d2215eff2105969eb,Epic plan predates V2 domain and is not executable authority.
docs/epics/epic-P18.md,ARCHIVED_LEGACY_BACKLOG,8fb47be4b772cd957671c520ff3ba76eadff9242c0cd6ad4a245e657c4985c42,Epic plan predates V2 domain and is not executable authority.
docs/epics/epic-P19.md,ARCHIVED_LEGACY_BACKLOG,049728f15e0e8eee9ea653f4839f9f5ca0625f476dfb956a0278a350e513b642,Epic plan predates V2 domain and is not executable authority.
docs/epics/epic-P2.md,ARCHIVED_LEGACY_BACKLOG,721e3f338715ee94c5432ab2a168f92e6379bb7e07f79588e130d63725aee3ad,Epic plan predates V2 domain and is not executable authority.
docs/epics/epic-P20.md,ARCHIVED_LEGACY_BACKLOG,36bae72c8c660bb4e9ab1c3f1edb28e020196d9554768d4c6f54dbe911c1605b,Epic plan predates V2 domain and is not executable authority.
docs/epics/epic-P21.md,ARCHIVED_LEGACY_BACKLOG,1608c0269de493764cf56d26e4c8cf79765fab9fb4a0ad48f89828b1c89f81a1,Epic plan predates V2 domain and is not executable authority.
docs/epics/epic-P22.md,ARCHIVED_LEGACY_BACKLOG,6f7d5ddca02524e97bfb0e663844e8d5d98ad42e0eb3c6ff61feaed322f77cf7,Epic plan predates V2 domain and is not executable authority.
docs/epics/epic-P23.md,ARCHIVED_LEGACY_BACKLOG,20123ab557c438adaf79f7b2893d0561a6d6b5c8d2ecafaf2e9f8ba9dbe53c78,Epic plan predates V2 domain and is not executable authority.
docs/epics/epic-P24.md,ARCHIVED_LEGACY_BACKLOG,fe6231d18e4e0330d5ef546fb19f29eb0fc8765df5451112edf550a6f93b4ecd,Epic plan predates V2 domain and is not executable authority.
docs/epics/epic-P3.md,ARCHIVED_LEGACY_BACKLOG,6440d0f9c5752355939ee75e9f7c30aad2b37a69ed4c9e78abf746a3322a396d,Epic plan predates V2 domain and is not executable authority.
docs/epics/epic-P4.md,ARCHIVED_LEGACY_BACKLOG,b25f7ad90e64029125b8c2fd5d9ea1bb3759360aee23a3938268678ee9d042ad,Epic plan predates V2 domain and is not executable authority.
docs/epics/epic-P5.md,ARCHIVED_LEGACY_BACKLOG,010dfe2e1ce15d763e8bd3848119585ab30e2e93efb97bcc15d78912efeed129,Epic plan predates V2 domain and is not executable authority.
docs/epics/epic-P6.md,ARCHIVED_LEGACY_BACKLOG,c6be8376530b573ee5054582479f99c670e93a0d98aff02243f306f8ebda92ad,Epic plan predates V2 domain and is not executable authority.
docs/epics/epic-P7.md,ARCHIVED_LEGACY_BACKLOG,27be176a37a6c790e4d7fdf7c0ff25dcefd0aaf322c0f91502802fe8c79d43dd,Epic plan predates V2 domain and is not executable authority.
docs/epics/epic-P8.md,ARCHIVED_LEGACY_BACKLOG,fadeee7ef0ed7cdea8b857cc62e38db9ead5ce1e270779722f73e844c799524b,Epic plan predates V2 domain and is not executable authority.
docs/epics/epic-P9.md,ARCHIVED_LEGACY_BACKLOG,8876ab3bf8d07a1724eecb5fe11d3b802bd4a7a7e7bda68b78532e8f74c18dae,Epic plan predates V2 domain and is not executable authority.
docs/product/VYRA_ARCH_PLAN_BRIEF.md,ARCHIVED_SUPERSEDED_PRODUCT,b37f087ba949f63f620c40abb1c810161d0e23994cb019caa0b82dae8a67b3f2,Product docs preserve VYRA assumptions/visual/approval model.
docs/product/VYRA_DECISOES_CANONICAS_MVP.md,ARCHIVED_SUPERSEDED_PRODUCT,2cef058b5503c34f4c69c8c3fc1326216b9be0f613b6e88393ed9dfdf63bb077,Product docs preserve VYRA assumptions/visual/approval model.
docs/product/VYRA_PRODUCT_EXPERIENCE.md,ARCHIVED_SUPERSEDED_PRODUCT,cc9ae41052fb6108667c7574fb642fd44380541826a1862e507819de5b604030,Product docs preserve VYRA assumptions/visual/approval model.
docs/stories/P1.01.story.md,ARCHIVED_LEGACY_BACKLOG,0f9560964f09947fb54de7a881580dbfdeaa1b7860dd2b7ac6699794839f7be9,Backlog predates Production Intelligence/Exception-Driven V2.
docs/stories/P1.02.story.md,ARCHIVED_LEGACY_BACKLOG,69a387dac2ef91adf7a1c80601b774c1d774bafb2a946ca9e0fdc6bc9c734b6a,Backlog predates Production Intelligence/Exception-Driven V2.
docs/stories/P1.03.story.md,ARCHIVED_LEGACY_BACKLOG,4e9e99c00eb97deb970844b9619186537665e6c7fed4ac9d5032cae59be3e700,Backlog predates Production Intelligence/Exception-Driven V2.
docs/stories/P1.04.story.md,ARCHIVED_LEGACY_BACKLOG,281d1cda5a89f3336a96f750033c023907eb70422b0e1de629fb87bb6a78f7e0,Backlog predates Production Intelligence/Exception-Driven V2.
docs/stories/P1.05.story.md,ARCHIVED_LEGACY_BACKLOG,994fd05577800063242c80767e19791be1868d999f54c28ead481ecc714d6d15,Backlog predates Production Intelligence/Exception-Driven V2.
docs/stories/P1.06.story.md,ARCHIVED_LEGACY_BACKLOG,45aa299440ad8670a75d4eff2567b9dce4c502e46bc47ec60bced1ef433fd7a0,Backlog predates Production Intelligence/Exception-Driven V2.
docs/stories/P1.07.story.md,ARCHIVED_LEGACY_BACKLOG,2a6f35ee31abc482aba1e41ed290b7508a1c31c874f7492564defb35db2e41b1,Backlog predates Production Intelligence/Exception-Driven V2.
docs/stories/P1.08.story.md,ARCHIVED_LEGACY_BACKLOG,e324c50d5ce2778e33416e690ad1c272b1d188c5475ef192d464b401db727ac6,Backlog predates Production Intelligence/Exception-Driven V2.
docs/stories/P1.09.story.md,ARCHIVED_LEGACY_BACKLOG,bd52958d76bc8d3fe4c4b52aa696439e3396b739f344e7f4c2291fdc6456f86d,Backlog predates Production Intelligence/Exception-Driven V2.
docs/stories/P1.10.story.md,ARCHIVED_LEGACY_BACKLOG,c3a6be1d6710f8d66adaed260fb95f4b17c8d5f605c9e61e6f82320384e91039,Backlog predates Production Intelligence/Exception-Driven V2.
docs/stories/P10.01.story.md,ARCHIVED_LEGACY_BACKLOG,d5fb5d0460f377549add5dbd4b1eb5769a9658414866f623f9ada725466cd9a9,Backlog predates Production Intelligence/Exception-Driven V2.
docs/stories/P10.02.story.md,ARCHIVED_LEGACY_BACKLOG,8c84affd14bf7076a726cfe794ae43340ffbff7206af014cae0145fa1c516906,Backlog predates Production Intelligence/Exception-Driven V2.
docs/stories/P10.03.story.md,ARCHIVED_LEGACY_BACKLOG,5d93c29b4476d8ccbbf2e0b8a0f4b4a7f8e54c5fe9cdf4d7d78d44ccd7cf4d25,Backlog predates Production Intelligence/Exception-Driven V2.
docs/stories/P10.04.story.md,ARCHIVED_LEGACY_BACKLOG,28d8f5ad90a75388121766595db26e1ff486318f09c9305928194f73f3548084,Backlog predates Production Intelligence/Exception-Driven V2.
docs/stories/P10.05.story.md,ARCHIVED_LEGACY_BACKLOG,2dc378126664e3910068a27d6e071a59434a09df6aea0c242474d3bcea7050d0,Backlog predates Production Intelligence/Exception-Driven V2.
docs/stories/P10.06.story.md,ARCHIVED_LEGACY_BACKLOG,23e08c5fe899f42040e42969c6975632cfeefa5c890fb8fa0526d38a72d0e463,Backlog predates Production Intelligence/Exception-Driven V2.
docs/stories/P10.07.story.md,ARCHIVED_LEGACY_BACKLOG,ff6e58915616d5e50c7a16f1561bd82fe345b9ab5865455da07e5da18c7cdb68,Backlog predates Production Intelligence/Exception-Driven V2.
docs/stories/P10.08.story.md,ARCHIVED_LEGACY_BACKLOG,141334fbb6a5d66c92d7fe4cb791dccb5042c041f74328045ddeaf57d18357f4,Backlog predates Production Intelligence/Exception-Driven V2.
docs/stories/P10.09.story.md,ARCHIVED_LEGACY_BACKLOG,b35bd80e1d6f3b71707aa05744aadca3a417d776908b120cb35c55e201a8f97e,Backlog predates Production Intelligence/Exception-Driven V2.
docs/stories/P11.01.story.md,ARCHIVED_LEGACY_BACKLOG,c1e2435f03381a5e616c4c06d48c43a7a8a5d8293df796242c591697c3e31436,Backlog predates Production Intelligence/Exception-Driven V2.
docs/stories/P11.02.story.md,ARCHIVED_LEGACY_BACKLOG,093c42cb22ef3c94fe68ce0564de5cca6c1a196e55e35af65ca066fedf227d69,Backlog predates Production Intelligence/Exception-Driven V2.
docs/stories/P11.03.story.md,ARCHIVED_LEGACY_BACKLOG,483d3f08ba4652068c50605a25878a4971fd2143cf5661033c4e5d626bb93cc9,Backlog predates Production Intelligence/Exception-Driven V2.
docs/stories/P11.04.story.md,ARCHIVED_LEGACY_BACKLOG,78f8f6ba12fddd575a0e4adde83b3a86448cbebfffbe2873e27f5c6742288abb,Backlog predates Production Intelligence/Exception-Driven V2.
docs/stories/P11.05.story.md,ARCHIVED_LEGACY_BACKLOG,b6003bd8d8e53173d0113850622a96f9a89f3653fa18dc1989ecec31b3152d1b,Backlog predates Production Intelligence/Exception-Driven V2.
docs/stories/P11.06.story.md,ARCHIVED_LEGACY_BACKLOG,e7c843c3ca24d14c61cd91bb2b7a1546d1908dff0350de9c2f4f5889e45c15ca,Backlog predates Production Intelligence/Exception-Driven V2.
docs/stories/P11.07.story.md,ARCHIVED_LEGACY_BACKLOG,0fe6cf39e0b4136c844099cb72b54bd85f446967a9d35c1861d5ebf1d466f9c7,Backlog predates Production Intelligence/Exception-Driven V2.
docs/stories/P11.08.story.md,ARCHIVED_LEGACY_BACKLOG,ef4ed0a80a6071a4e1ff0f3f9a1876f52ef247b5f918871fbfb074160ea447ee,Backlog predates Production Intelligence/Exception-Driven V2.
docs/stories/P11.09.story.md,ARCHIVED_LEGACY_BACKLOG,ce828085d01c7b4d24e1f0b8aed532d32020547e376ae5917a935cf0d1e534b6,Backlog predates Production Intelligence/Exception-Driven V2.
docs/stories/P11.10.story.md,ARCHIVED_LEGACY_BACKLOG,d138a8225c21499b9cc3254cf8bc33a132358613d6674bbfa5f0801ed2f94d8a,Backlog predates Production Intelligence/Exception-Driven V2.
docs/stories/P11.11.story.md,ARCHIVED_LEGACY_BACKLOG,cf63ec8e172b621fc7e9e9a69d289cf6031832e5856d24fd7759f42be36a7b35,Backlog predates Production Intelligence/Exception-Driven V2.
docs/stories/P12.01.story.md,ARCHIVED_LEGACY_BACKLOG,f29432564b4684f1f88f149d006a8003ab247585492133973e6492677e4bcee2,Backlog predates Production Intelligence/Exception-Driven V2.
docs/stories/P12.02.story.md,ARCHIVED_LEGACY_BACKLOG,a3b4b9e4a7a031cff7eb340214be0af9774216f65324e8fed64c5822a553d5df,Backlog predates Production Intelligence/Exception-Driven V2.
docs/stories/P12.03.story.md,ARCHIVED_LEGACY_BACKLOG,779d6852954ba49a088890d8131a1ec35581903f72d2b7bd698e0537f16c8267,Backlog predates Production Intelligence/Exception-Driven V2.
docs/stories/P12.04.story.md,ARCHIVED_LEGACY_BACKLOG,f7a27140e88e7f956bf2d96aa9b649dbf6259acb7b5036d5122de4cb32aece90,Backlog predates Production Intelligence/Exception-Driven V2.
docs/stories/P12.05.story.md,ARCHIVED_LEGACY_BACKLOG,5027270900a72755228c599308a2119eb64ec58bd5bd6e734bf9958c42e68ca4,Backlog predates Production Intelligence/Exception-Driven V2.
docs/stories/P12.06.story.md,ARCHIVED_LEGACY_BACKLOG,100592be87e5a1b450af905bb4e21f0d0055f6a3bcedab732f49488e524cab7e,Backlog predates Production Intelligence/Exception-Driven V2.
docs/stories/P13.01.story.md,ARCHIVED_LEGACY_BACKLOG,da5793da3446a6d2a2ca468a8730c2094e122c28d92ef57940f1b9bacf8e8f59,Backlog predates Production Intelligence/Exception-Driven V2.
docs/stories/P13.02.story.md,ARCHIVED_LEGACY_BACKLOG,9b701aef10cc10c1b934e6150f8a68ab528c3231e9d5557556e95035ba8acb7f,Backlog predates Production Intelligence/Exception-Driven V2.
docs/stories/P13.03.story.md,ARCHIVED_LEGACY_BACKLOG,911efae3dd11f1fab65b04175784c170a6d061a45aeda7c931845b99f0f3c4c8,Backlog predates Production Intelligence/Exception-Driven V2.
docs/stories/P13.04.story.md,ARCHIVED_LEGACY_BACKLOG,3711fd61c987587c9d7227419d4f774b2d892d2e0a8876726dcb22bc1d4d4db5,Backlog predates Production Intelligence/Exception-Driven V2.
docs/stories/P13.05.story.md,ARCHIVED_LEGACY_BACKLOG,ee25d2ca855c1b717d10d36fbeb469213478dc9b55e75194f0b632139a82fdc4,Backlog predates Production Intelligence/Exception-Driven V2.
docs/stories/P13.06.story.md,ARCHIVED_LEGACY_BACKLOG,04489aa2218c7cfb1aae120ee55222ea148f73e7ef71823d22b228f6b6b4b94b,Backlog predates Production Intelligence/Exception-Driven V2.
docs/stories/P13.07.story.md,ARCHIVED_LEGACY_BACKLOG,8a3b62cb96dcd79ec7522b8819a11faad66240319e3dfa9643cefffa960a5f9e,Backlog predates Production Intelligence/Exception-Driven V2.
docs/stories/P13.08.story.md,ARCHIVED_LEGACY_BACKLOG,284af214cba1fe492cc37aed20f09b380f0d8197c2969e54b009dde3bd53eb63,Backlog predates Production Intelligence/Exception-Driven V2.
docs/stories/P13.09.story.md,ARCHIVED_LEGACY_BACKLOG,5289bc3f9e0cdc105cde495337ac517fd6c86cf4237e32c6527ed0fb2adf25ac,Backlog predates Production Intelligence/Exception-Driven V2.
docs/stories/P13.10.story.md,ARCHIVED_LEGACY_BACKLOG,ff1497b1128f5979044f94d53682715daa53df8eb477d3bbb607b642d477b074,Backlog predates Production Intelligence/Exception-Driven V2.
docs/stories/P13.11.story.md,ARCHIVED_LEGACY_BACKLOG,a7086bc683e95fde6222941adf8cd29e8ddf827bfe8db797ff458b9790f06356,Backlog predates Production Intelligence/Exception-Driven V2.
docs/stories/P13.12.story.md,ARCHIVED_LEGACY_BACKLOG,fe23402d54863c94d83cf04ac02b9c4d800529a31526e6a653a66bda829625ed,Backlog predates Production Intelligence/Exception-Driven V2.
docs/stories/P14.01.story.md,ARCHIVED_LEGACY_BACKLOG,f8fb09de06ded21323a5fb2b765323290cac5996688e2ae551a2b635e42c791f,Backlog predates Production Intelligence/Exception-Driven V2.
docs/stories/P14.02.story.md,ARCHIVED_LEGACY_BACKLOG,f6362e674d0af13309d3671b0f14c88e181cd98961490b3f4ab898eb1e10c2a8,Backlog predates Production Intelligence/Exception-Driven V2.
docs/stories/P14.03.story.md,ARCHIVED_LEGACY_BACKLOG,e8d7da8090b21e906eb1c9f2f98b742d5b7fa483621962a5bfc24da40509ae6b,Backlog predates Production Intelligence/Exception-Driven V2.
docs/stories/P14.04.story.md,ARCHIVED_LEGACY_BACKLOG,a9a61ee3aa1df2834ee0c95a2ea7b7868c99978417f7eb92dfdbd66c71412d62,Backlog predates Production Intelligence/Exception-Driven V2.
docs/stories/P14.05.story.md,ARCHIVED_LEGACY_BACKLOG,1a00ba85229ddb702885b62732eff659cafcb06a6a61ec994750b069a8e64e8b,Backlog predates Production Intelligence/Exception-Driven V2.
docs/stories/P14.06.story.md,ARCHIVED_LEGACY_BACKLOG,18d673754b7c484738b8bd2df1e9bee49a1d3cf053cad41421566157c3df356d,Backlog predates Production Intelligence/Exception-Driven V2.
docs/stories/P14.07.story.md,ARCHIVED_LEGACY_BACKLOG,39c90df574dce288369423b6e923facbb74f4ba4ebe9ee0ee1eaa3889bc8cc8f,Backlog predates Production Intelligence/Exception-Driven V2.
docs/stories/P14.08.story.md,ARCHIVED_LEGACY_BACKLOG,d00adfbbfd538ff08b4c3ff1f3662ccc7b798b9c4882d8decb021d138c81a764,Backlog predates Production Intelligence/Exception-Driven V2.
docs/stories/P15.01.story.md,ARCHIVED_LEGACY_BACKLOG,91f856d3e9ada73b6752a2ad88fd00b57aecd575863d458c96d3f72cde6ddb2f,Backlog predates Production Intelligence/Exception-Driven V2.
docs/stories/P15.02.story.md,ARCHIVED_LEGACY_BACKLOG,0c639b65333cb4812abb1e573679d2cc69e7cb5583dccd45f3b8fa9e78b86130,Backlog predates Production Intelligence/Exception-Driven V2.
docs/stories/P15.03.story.md,ARCHIVED_LEGACY_BACKLOG,b4429632bcb88d610f0f70d3eb23dff783a86ac2803d427f4a7be1a235dcbfa4,Backlog predates Production Intelligence/Exception-Driven V2.
docs/stories/P15.04.story.md,ARCHIVED_LEGACY_BACKLOG,c0cdf8ac5c4c2e827d9e4f6722e649d4452bb8243f1c572b2e171aa86403076a,Backlog predates Production Intelligence/Exception-Driven V2.
docs/stories/P15.05.story.md,ARCHIVED_LEGACY_BACKLOG,c9a8d117e676ef3ec1e8529ea26a0d22f3cc1a521771e18b6953f938289ed027,Backlog predates Production Intelligence/Exception-Driven V2.
docs/stories/P15.06.story.md,ARCHIVED_LEGACY_BACKLOG,f463e6dfcfd831855980631cc06dcc3bf82349b9624ab4dd29924f209fb46854,Backlog predates Production Intelligence/Exception-Driven V2.
docs/stories/P15.07.story.md,ARCHIVED_LEGACY_BACKLOG,ef1bcdf8c45f90f7d8274160d7c267b4fed6826cdb3b8b1df722067c376e514c,Backlog predates Production Intelligence/Exception-Driven V2.
docs/stories/P15.08.story.md,ARCHIVED_LEGACY_BACKLOG,a63bf382d1625fcdea796256a6734d637d39162c3776d157e1a75740e8d281e4,Backlog predates Production Intelligence/Exception-Driven V2.
docs/stories/P15.09.story.md,ARCHIVED_LEGACY_BACKLOG,18cb459e5a12ec1eada5cd3b81bb4457ba1c2854cbc614f963ca3f83b187eafb,Backlog predates Production Intelligence/Exception-Driven V2.
docs/stories/P15.10.story.md,ARCHIVED_LEGACY_BACKLOG,c20c126c82e13468fbf0921270d9fbc7e7bec9b9487610732b38ad5a709669fc,Backlog predates Production Intelligence/Exception-Driven V2.
docs/stories/P15.11.story.md,ARCHIVED_LEGACY_BACKLOG,5c81fd4cca6ec579fd5c237cfc36083039ec8bfa48d235139b3ac7aace75c46a,Backlog predates Production Intelligence/Exception-Driven V2.
docs/stories/P15.12.story.md,ARCHIVED_LEGACY_BACKLOG,37eb30c06bdf047f6f7f50a64e4a8029ad3f7691f3e20b91b4d4b1a7d7e9d822,Backlog predates Production Intelligence/Exception-Driven V2.
docs/stories/P15.13.story.md,ARCHIVED_LEGACY_BACKLOG,11bdbaf6dae1540260d25a30ca23a8485f3925523c347b4721f3317416313690,Backlog predates Production Intelligence/Exception-Driven V2.
docs/stories/P15.14.story.md,ARCHIVED_LEGACY_BACKLOG,7c7ed0ad9184545f270943ca1311a42ab4ea0e9726f1555f4998e185a36630ac,Backlog predates Production Intelligence/Exception-Driven V2.
docs/stories/P15.15.story.md,ARCHIVED_LEGACY_BACKLOG,999ccbfcf4e022831c40c3ad1d3740b0d8c6b23f278b7e73d870fef1cb5fcbed,Backlog predates Production Intelligence/Exception-Driven V2.
docs/stories/P15.16.story.md,ARCHIVED_LEGACY_BACKLOG,e1a9ea3ab825174f279aa2f239538bfff995ad0d255d3bf197db5bdd3f86fe1e,Backlog predates Production Intelligence/Exception-Driven V2.
docs/stories/P15.17.story.md,ARCHIVED_LEGACY_BACKLOG,3bb441eb11b457a1fd439dac38ce673772d35123ad2464f4e55ddc8c3945791f,Backlog predates Production Intelligence/Exception-Driven V2.
docs/stories/P15.18.story.md,ARCHIVED_LEGACY_BACKLOG,2d885a5ef11d16b95cb0b0f50ba99c59601292093e181c09cf300c8f2e43af78,Backlog predates Production Intelligence/Exception-Driven V2.
docs/stories/P15.19.story.md,ARCHIVED_LEGACY_BACKLOG,8a4a01560a9a08cf10ac3b28e25bf5a94f442cfb0c93b32295243d66747483fe,Backlog predates Production Intelligence/Exception-Driven V2.
docs/stories/P15.20.story.md,ARCHIVED_LEGACY_BACKLOG,dfb890500dce4f681654f596d8873ef435098aafda9fcc42257ffc6f339d79b0,Backlog predates Production Intelligence/Exception-Driven V2.
docs/stories/P15.21.story.md,ARCHIVED_LEGACY_BACKLOG,93500a50323bf967bf233674f612aab23f831f5e3c496d985dbbc1b96977fd38,Backlog predates Production Intelligence/Exception-Driven V2.
docs/stories/P15.22.story.md,ARCHIVED_LEGACY_BACKLOG,74b2ab8a5327b78610db8ebe414e514d9f48be91018c697fe763e625ab9b30dd,Backlog predates Production Intelligence/Exception-Driven V2.
docs/stories/P16.01.story.md,ARCHIVED_LEGACY_BACKLOG,ffbaed6d20b025c955f06cd53c657fca1940f4a50e560c3da0101acfdf8091d6,Backlog predates Production Intelligence/Exception-Driven V2.
docs/stories/P16.02.story.md,ARCHIVED_LEGACY_BACKLOG,b161f8aed38693db89fb07459206e37a34f9c879f01460d0cd22d5a6ee0774a8,Backlog predates Production Intelligence/Exception-Driven V2.
docs/stories/P16.03.story.md,ARCHIVED_LEGACY_BACKLOG,59b58ccd890096d8dae3230fd3aae624ce1534c6ed43533a1fd244986e01f8ce,Backlog predates Production Intelligence/Exception-Driven V2.
docs/stories/P16.04.story.md,ARCHIVED_LEGACY_BACKLOG,3c8e2f8bfb7fcef0cc5f2146e33c74d0dc61ef14a0e0964088566ef866791ac1,Backlog predates Production Intelligence/Exception-Driven V2.
docs/stories/P16.05.story.md,ARCHIVED_LEGACY_BACKLOG,99851e59c9655d60a8fb834e4551da17da4ca89201c1a98d9b1a4d9881aac308,Backlog predates Production Intelligence/Exception-Driven V2.
docs/stories/P16.06.story.md,ARCHIVED_LEGACY_BACKLOG,1559dbe26d40409e5f95b1d0b2f0f780a2de4da382803c242f94a23d61286d1d,Backlog predates Production Intelligence/Exception-Driven V2.
docs/stories/P16.07.story.md,ARCHIVED_LEGACY_BACKLOG,5416e9bd63a5ee7af2a68c01598b1173dc9bad46f0b61da97c4c9a8b48272caf,Backlog predates Production Intelligence/Exception-Driven V2.
docs/stories/P16.08.story.md,ARCHIVED_LEGACY_BACKLOG,d87ebf97b25fe33bd9251aa44dc534eab788abf3f29e13549f4b0b3bd6b78c62,Backlog predates Production Intelligence/Exception-Driven V2.
docs/stories/P16.09.story.md,ARCHIVED_LEGACY_BACKLOG,6d346ff82ca886bd4bf25b1901e57f10a1d62acc3e46672e21121f54461cb5ca,Backlog predates Production Intelligence/Exception-Driven V2.
docs/stories/P16.10.story.md,ARCHIVED_LEGACY_BACKLOG,f48bec06aa8594691720a62c6fe137182fad36917994deb3b4d040fdf3f546f0,Backlog predates Production Intelligence/Exception-Driven V2.
docs/stories/P17.01.story.md,ARCHIVED_LEGACY_BACKLOG,e25516c72a78e6fb1c471fc20fd43126bc1f1e4a0b0a566ad9e96eb534f35f50,Backlog predates Production Intelligence/Exception-Driven V2.
docs/stories/P17.02.story.md,ARCHIVED_LEGACY_BACKLOG,ee96f7b32a2a643f50816d5b4849aabda9af0b719cb352ee116d10caa9822784,Backlog predates Production Intelligence/Exception-Driven V2.
docs/stories/P17.03.story.md,ARCHIVED_LEGACY_BACKLOG,01ef3e1e2703fa2a700b4c09c1ea20ca9ae681c58253c0717bf84bf289f8711d,Backlog predates Production Intelligence/Exception-Driven V2.
docs/stories/P17.04.story.md,ARCHIVED_LEGACY_BACKLOG,2437f26407cdbe73252e39a120d5b0d047291683e7943253bf497dea2cb25251,Backlog predates Production Intelligence/Exception-Driven V2.
docs/stories/P17.05.story.md,ARCHIVED_LEGACY_BACKLOG,95e2f7658bf90c36db4cb779d6372a6149387bf5c2d72de606da0d4aa0df2e9a,Backlog predates Production Intelligence/Exception-Driven V2.
docs/stories/P17.06.story.md,ARCHIVED_LEGACY_BACKLOG,1fda19dbd3f27ed6c3f7db96e60ee9d050f6678dcbd240aaca288ed2c8405786,Backlog predates Production Intelligence/Exception-Driven V2.
docs/stories/P17.07.story.md,ARCHIVED_LEGACY_BACKLOG,d9232389470b8e73bc1003fd666f2290c2d674fd68c8d113e0af7dea7fd2311b,Backlog predates Production Intelligence/Exception-Driven V2.
docs/stories/P17.08.story.md,ARCHIVED_LEGACY_BACKLOG,32150a7ff76bbc1a445b431fa0752c67d8dcb33c40dd971dba9cf413abef3fef,Backlog predates Production Intelligence/Exception-Driven V2.
docs/stories/P17.09.story.md,ARCHIVED_LEGACY_BACKLOG,2217383dd1c0f55a865c6ce1d9bd1bc71941c2f53b5c0d7f63a3cffa5bf18882,Backlog predates Production Intelligence/Exception-Driven V2.
docs/stories/P17.10.story.md,ARCHIVED_LEGACY_BACKLOG,b2030c9d416f38029108b52be646ca5ccd2dd7a247948862e78c8350873012a6,Backlog predates Production Intelligence/Exception-Driven V2.
docs/stories/P17.11.story.md,ARCHIVED_LEGACY_BACKLOG,398918d572b608ac27bd987be981ceefc39156e5f69d6c67331d43794825fff4,Backlog predates Production Intelligence/Exception-Driven V2.
docs/stories/P17.12.story.md,ARCHIVED_LEGACY_BACKLOG,33cd5417834199de797a18104ea86702da3a21f49a785c481ce3f03ab3e4f33d,Backlog predates Production Intelligence/Exception-Driven V2.
docs/stories/P18.01.story.md,ARCHIVED_LEGACY_BACKLOG,8f69d9f02eea4b0a65d509dbd4239797559ccb0aa0f6ae7b3dc6cf0fbbd96afb,Backlog predates Production Intelligence/Exception-Driven V2.
docs/stories/P18.02.story.md,ARCHIVED_LEGACY_BACKLOG,2b55a4ce962bb3d6801846a70ba6dd8c8ec064cbd22554eca9543ab282ac1b71,Backlog predates Production Intelligence/Exception-Driven V2.
docs/stories/P18.03.story.md,ARCHIVED_LEGACY_BACKLOG,9a625669a6b1070c223059ad4438fa814d3df6d8d0f4ffe924812774a9b8cf52,Backlog predates Production Intelligence/Exception-Driven V2.
docs/stories/P18.04.story.md,ARCHIVED_LEGACY_BACKLOG,8871d984292a7b6b6c8748d42657c761582ce0c68cd5f374fe093d6842af7230,Backlog predates Production Intelligence/Exception-Driven V2.
docs/stories/P18.05.story.md,ARCHIVED_LEGACY_BACKLOG,18bc058e5eb14a556dcbbf78eea1b2c0fdefc7c84f7d09f8ef5182f325b1de71,Backlog predates Production Intelligence/Exception-Driven V2.
docs/stories/P18.06.story.md,ARCHIVED_LEGACY_BACKLOG,a6e13fa9bc3b6e26f0e87281f3ef6f98572dab54c53dc364d239e16c5b569a2a,Backlog predates Production Intelligence/Exception-Driven V2.
docs/stories/P18.07.story.md,ARCHIVED_LEGACY_BACKLOG,23d141a838425c2f1819933e88704ac50505d3fd81e563ceb3eab01e9005b7e3,Backlog predates Production Intelligence/Exception-Driven V2.
docs/stories/P18.08.story.md,ARCHIVED_LEGACY_BACKLOG,84fcc02116fb88405749b5b4c90853abbc85f515818a0f79e3a7443bc25fd105,Backlog predates Production Intelligence/Exception-Driven V2.
docs/stories/P18.09.story.md,ARCHIVED_LEGACY_BACKLOG,71751124f9afbb5df517398ec5f1e913425726faea1450b53c8586562dfcb1e4,Backlog predates Production Intelligence/Exception-Driven V2.
docs/stories/P18.10.story.md,ARCHIVED_LEGACY_BACKLOG,d5a886ed6b4faf9d5cdd24b0d12b078da5176599c513e70d21dd8e9aafe53c88,Backlog predates Production Intelligence/Exception-Driven V2.
docs/stories/P18.11.story.md,ARCHIVED_LEGACY_BACKLOG,104789c9566037ec7779c160bf7cfd7edbb52e3ca46a3a5a59a6110e132348f4,Backlog predates Production Intelligence/Exception-Driven V2.
docs/stories/P18.12.story.md,ARCHIVED_LEGACY_BACKLOG,825a4545a7bf406c7c57ca4db96e8d95d8efcf917358cb917c67d296ece5cbbf,Backlog predates Production Intelligence/Exception-Driven V2.
docs/stories/P18.13.story.md,ARCHIVED_LEGACY_BACKLOG,deeae0c9daa11ccb973e38ac8eafb7be74801dab1512a5eefb800f690c2b4e31,Backlog predates Production Intelligence/Exception-Driven V2.
docs/stories/P18.14.story.md,ARCHIVED_LEGACY_BACKLOG,b55dfdde253722e4f63c0b3fcfa06f3597019491fa3d22ccd1b7ffdbebfe708f,Backlog predates Production Intelligence/Exception-Driven V2.
docs/stories/P18.15.story.md,ARCHIVED_LEGACY_BACKLOG,3ff7c6e35b77deb450a3dc2c9cda56e1c7ed0e6e616908d97839f968ae695d9e,Backlog predates Production Intelligence/Exception-Driven V2.
docs/stories/P18.16.story.md,ARCHIVED_LEGACY_BACKLOG,9c1f227989116953da39f52f9cf563557de519c499eb496054eeaf74d780456f,Backlog predates Production Intelligence/Exception-Driven V2.
docs/stories/P19.01.story.md,ARCHIVED_LEGACY_BACKLOG,95b068a3df735ea3f6903a35c1ee3c70615d17dddb974db126f106a49748483e,Backlog predates Production Intelligence/Exception-Driven V2.
docs/stories/P19.02.story.md,ARCHIVED_LEGACY_BACKLOG,faada1691355c3363898ca2e4996480d2eaf8f9285473490751f8e00b347e027,Backlog predates Production Intelligence/Exception-Driven V2.
docs/stories/P19.03.story.md,ARCHIVED_LEGACY_BACKLOG,a754774d112e4ac932f20311b95c458ea5f17699daa772422ae15be657332bd1,Backlog predates Production Intelligence/Exception-Driven V2.
docs/stories/P19.04.story.md,ARCHIVED_LEGACY_BACKLOG,5cde2fdb7022fe7485ca266c31512d9d7852d07a38eab3af98e066a98665ef97,Backlog predates Production Intelligence/Exception-Driven V2.
docs/stories/P19.05.story.md,ARCHIVED_LEGACY_BACKLOG,4b39d86fb8a5cc0f2ca174ec7bb536e9c4d26348fcccf1f02c6d8666a49f1c7b,Backlog predates Production Intelligence/Exception-Driven V2.
docs/stories/P19.06.story.md,ARCHIVED_LEGACY_BACKLOG,0f22d02fb21132cd3d24ff0a9cb00b76eb4a7a325fb8c013c2baaef06512344d,Backlog predates Production Intelligence/Exception-Driven V2.
docs/stories/P19.07.story.md,ARCHIVED_LEGACY_BACKLOG,e489a97d07d381424fb70d6e2bae5f0b6739e5faf96d2caedb86058a12e60328,Backlog predates Production Intelligence/Exception-Driven V2.
docs/stories/P19.08.story.md,ARCHIVED_LEGACY_BACKLOG,a5052a6307982693a36dd7c3625d3786154081ee01187ea027ef8b74dd49a20a,Backlog predates Production Intelligence/Exception-Driven V2.
docs/stories/P19.09.story.md,ARCHIVED_LEGACY_BACKLOG,925f9074fcf64b3c39534f9228ca408db4691bd7f21b9b74d712087ebcf8c60a,Backlog predates Production Intelligence/Exception-Driven V2.
docs/stories/P2.01.story.md,ARCHIVED_LEGACY_BACKLOG,6ee79ff2e7ab255c1d1065ab1a5cdfd73aa638f6700261bedcb60abb63c5e70b,Backlog predates Production Intelligence/Exception-Driven V2.
docs/stories/P2.02.story.md,ARCHIVED_LEGACY_BACKLOG,2a27971f88de130f77720c75bf464d09b5a73da4ad11b95a6a0c64ad68d0c925,Backlog predates Production Intelligence/Exception-Driven V2.
docs/stories/P2.03.story.md,ARCHIVED_LEGACY_BACKLOG,ece318893f16fa703fa054e698196b7a85fc8688d63da09bbe8a320abb659242,Backlog predates Production Intelligence/Exception-Driven V2.
docs/stories/P2.04.story.md,ARCHIVED_LEGACY_BACKLOG,9fd3710b0abd0fc2fe5031d1ad8c579490c9caf7327008e88cfadba83136c9aa,Backlog predates Production Intelligence/Exception-Driven V2.
docs/stories/P2.05.story.md,ARCHIVED_LEGACY_BACKLOG,aa5285f548c100f30d130fbad9769a403088989a237f623857112cf02fe2ef5a,Backlog predates Production Intelligence/Exception-Driven V2.
docs/stories/P2.06.story.md,ARCHIVED_LEGACY_BACKLOG,c5cee28a26571758f4f5831b9aaf780977dd4ab6c36d2de6a82a1af7fe55d00a,Backlog predates Production Intelligence/Exception-Driven V2.
docs/stories/P2.07.story.md,ARCHIVED_LEGACY_BACKLOG,9f72e9b78b7ac8c565f21907b20ef2a095af1c953f125fc9d46ddb8b6754e79d,Backlog predates Production Intelligence/Exception-Driven V2.
docs/stories/P2.08.story.md,ARCHIVED_LEGACY_BACKLOG,a057c1a2eaf40b75d4c26fe4afa038545375ba9dcd7cc0720f82e126c4d1633b,Backlog predates Production Intelligence/Exception-Driven V2.
docs/stories/P2.09.story.md,ARCHIVED_LEGACY_BACKLOG,788a9a91a9c59b38e63374cbeb0f7a9a653c0dd94ec37fc643e163ca03448618,Backlog predates Production Intelligence/Exception-Driven V2.
docs/stories/P2.10.story.md,ARCHIVED_LEGACY_BACKLOG,00c4c8ca1916a6f2c0f1fab6027eee4488d116c8bbfae7e7e7ca6d26a6ff731f,Backlog predates Production Intelligence/Exception-Driven V2.
docs/stories/P2.11.story.md,ARCHIVED_LEGACY_BACKLOG,37298e8dbba8a7981ada4f74b710591f1140146cda917a9b86690756a2b64d84,Backlog predates Production Intelligence/Exception-Driven V2.
docs/stories/P20.01.story.md,ARCHIVED_LEGACY_BACKLOG,41a80abe7850688e6d2bff3b12081d95e477e0449e1e52e034624852c78953f5,Backlog predates Production Intelligence/Exception-Driven V2.
docs/stories/P20.02.story.md,ARCHIVED_LEGACY_BACKLOG,0510693fe8bfc2def0a76e0aa993ed484ce47e0efef42c7b2af28a343beac3c7,Backlog predates Production Intelligence/Exception-Driven V2.
docs/stories/P20.03.story.md,ARCHIVED_LEGACY_BACKLOG,01302f999ae732627f33c93673994cd58005ea352557934ce11fc7e6a3b409bc,Backlog predates Production Intelligence/Exception-Driven V2.
docs/stories/P20.04.story.md,ARCHIVED_LEGACY_BACKLOG,f0ab954effb4ff594623ad413c64626a10a24163d9ce62ec184480f5d387740c,Backlog predates Production Intelligence/Exception-Driven V2.
docs/stories/P20.05.story.md,ARCHIVED_LEGACY_BACKLOG,8c3a7b87027d5af2ccf312ee9780bde9b73be4f962f59a09172fbab7b969eab4,Backlog predates Production Intelligence/Exception-Driven V2.
docs/stories/P20.06.story.md,ARCHIVED_LEGACY_BACKLOG,0de5501272c74ac4a685756a9cc092ade63ca91f35051d3f3bce8160d16ab35a,Backlog predates Production Intelligence/Exception-Driven V2.
docs/stories/P20.07.story.md,ARCHIVED_LEGACY_BACKLOG,032daff7f214c22122b798f24f3f4b07a6065e40f64aa6e36bd14f235181f1e6,Backlog predates Production Intelligence/Exception-Driven V2.
docs/stories/P20.08.story.md,ARCHIVED_LEGACY_BACKLOG,59e3013dfc4cb49727d9516ff188323b6d21a498c8ce62a67d522d4642151c21,Backlog predates Production Intelligence/Exception-Driven V2.
docs/stories/P21.01.story.md,ARCHIVED_LEGACY_BACKLOG,fbef5f46812687b9e1086152644fb9aaea05370f240ee3a006cd3a97d8361741,Backlog predates Production Intelligence/Exception-Driven V2.
docs/stories/P21.02.story.md,ARCHIVED_LEGACY_BACKLOG,91f36991a933ab2a8cb533e8622d6721dc3ca48084980b3a2da5802f62fcb732,Backlog predates Production Intelligence/Exception-Driven V2.
docs/stories/P21.03.story.md,ARCHIVED_LEGACY_BACKLOG,38748788115eec7adcc5cb8fb6fc3dbe8b1e7eff45e4efd84ec364351254cfb1,Backlog predates Production Intelligence/Exception-Driven V2.
docs/stories/P21.04.story.md,ARCHIVED_LEGACY_BACKLOG,75279979f653f28d9f9ef6b2915127b158c2146e767a240e40c311bcc47fd002,Backlog predates Production Intelligence/Exception-Driven V2.
docs/stories/P21.05.story.md,ARCHIVED_LEGACY_BACKLOG,aafc5473846335627008ab382d11c85e0f0e9fa4b13dacfb235f2c5096aabfab,Backlog predates Production Intelligence/Exception-Driven V2.
docs/stories/P21.06.story.md,ARCHIVED_LEGACY_BACKLOG,73e4bf73d5dffe4535e88c4425615ff7e62ca1196fd7fe3cf87eb9a796056447,Backlog predates Production Intelligence/Exception-Driven V2.
docs/stories/P21.07.story.md,ARCHIVED_LEGACY_BACKLOG,dccf806884940ea69f8ef9af4035e23fe7bb53e7a5d8decb25d9fde12967ffaa,Backlog predates Production Intelligence/Exception-Driven V2.
docs/stories/P21.08.story.md,ARCHIVED_LEGACY_BACKLOG,ed17560441dd7f6928124542ffcbaa1a5efc43e2a32aa738fe045e7054a17b8d,Backlog predates Production Intelligence/Exception-Driven V2.
docs/stories/P21.09.story.md,ARCHIVED_LEGACY_BACKLOG,7c6f4dada8a0a670ac20517b370dded566a8e783f61a0261a8ba1e99136dd12e,Backlog predates Production Intelligence/Exception-Driven V2.
docs/stories/P21.10.story.md,ARCHIVED_LEGACY_BACKLOG,73b01039e68703038775ba47a3d50e39cfce01c3d9a36ebd4f9a30707d29ba4f,Backlog predates Production Intelligence/Exception-Driven V2.
docs/stories/P21.11.story.md,ARCHIVED_LEGACY_BACKLOG,31b9a89e4b310df529afad7b485492e46e702e7b01bd1d1eb9ba937c1c76e551,Backlog predates Production Intelligence/Exception-Driven V2.
docs/stories/P22.01.story.md,ARCHIVED_LEGACY_BACKLOG,f7b85e671e002e743d269ce62206c0bf5a677e5698e8cb5e4ce3ba30553a3489,Backlog predates Production Intelligence/Exception-Driven V2.
docs/stories/P22.02.story.md,ARCHIVED_LEGACY_BACKLOG,51fac0d231dbdcbed4b1aab1547a182330544842fc6762fdb1903be96e0699f5,Backlog predates Production Intelligence/Exception-Driven V2.
docs/stories/P22.03.story.md,ARCHIVED_LEGACY_BACKLOG,af91ebdb3d0ae4232925c714d696385891eba26efa81691349912df6d8ee40f2,Backlog predates Production Intelligence/Exception-Driven V2.
docs/stories/P22.04.story.md,ARCHIVED_LEGACY_BACKLOG,c84cf08c484d1608728f4f565cd4e18df8113ef9a3999f9dfed60acf41e997e3,Backlog predates Production Intelligence/Exception-Driven V2.
docs/stories/P22.05.story.md,ARCHIVED_LEGACY_BACKLOG,0998f8fa1f976a54824cdde76be93d79e0495c920e518af5c8d1f82a4083cb8c,Backlog predates Production Intelligence/Exception-Driven V2.
docs/stories/P22.06.story.md,ARCHIVED_LEGACY_BACKLOG,ea846d260d824c8e2558d00c4c831730d898dc02d9bfb5a8755d49ac67328896,Backlog predates Production Intelligence/Exception-Driven V2.
docs/stories/P22.07.story.md,ARCHIVED_LEGACY_BACKLOG,f92cc596fb15520f8c1e8b3fb46a84698d2accb1968023392dcc1a41eb77b07a,Backlog predates Production Intelligence/Exception-Driven V2.
docs/stories/P22.08.story.md,ARCHIVED_LEGACY_BACKLOG,fd130db7fc3c6fb9569585432853c1866903a66c0eec75740e101d84a5df5a9e,Backlog predates Production Intelligence/Exception-Driven V2.
docs/stories/P22.09.story.md,ARCHIVED_LEGACY_BACKLOG,2bebdc0a16864cf90d2b87998a9966fd59a1093e37cb25fe7676b8d799dd5410,Backlog predates Production Intelligence/Exception-Driven V2.
docs/stories/P22.10.story.md,ARCHIVED_LEGACY_BACKLOG,0303f1299d8a38e15c7c4eddafd410e30d6f530763df36b2ff01c3dead4e2133,Backlog predates Production Intelligence/Exception-Driven V2.
docs/stories/P22.11.story.md,ARCHIVED_LEGACY_BACKLOG,c9d9f0a47fca299865fbc24dd5b9d736f5be4c4616ca87fddc7987ae528cbf1d,Backlog predates Production Intelligence/Exception-Driven V2.
docs/stories/P23.01.story.md,ARCHIVED_LEGACY_BACKLOG,ec65bc0079ef48d3ac934429168f45a9605959f48daa1b5293438033d8f21beb,Backlog predates Production Intelligence/Exception-Driven V2.
docs/stories/P23.02.story.md,ARCHIVED_LEGACY_BACKLOG,e72021c6cfe0d251920b1ffb6739a964fa16e563be6ecc3f398d2d6e7d2c1d5b,Backlog predates Production Intelligence/Exception-Driven V2.
docs/stories/P23.03.story.md,ARCHIVED_LEGACY_BACKLOG,b73de0ae0146b2cfa3db4143441f23132f424e138854e9a096f043cb0ddef3d6,Backlog predates Production Intelligence/Exception-Driven V2.
docs/stories/P23.04.story.md,ARCHIVED_LEGACY_BACKLOG,42916010de1f5b3d9bc8a199407790a3e420c7f22dc14da386791a83c83350b4,Backlog predates Production Intelligence/Exception-Driven V2.
docs/stories/P23.05.story.md,ARCHIVED_LEGACY_BACKLOG,0efa51d64b90aac1260c72241241613a6746305be9d229481dd966e2ebd4eb7e,Backlog predates Production Intelligence/Exception-Driven V2.
docs/stories/P23.06.story.md,ARCHIVED_LEGACY_BACKLOG,0d9b7b3b3e62e11e0202c0e7b509d361a2d984ad837d6a64150d4ba12832ddcb,Backlog predates Production Intelligence/Exception-Driven V2.
docs/stories/P23.07.story.md,ARCHIVED_LEGACY_BACKLOG,abce7fe1cf437baf7643319ef8e61f409f08cf24d389b2c5204492bfd74b8032,Backlog predates Production Intelligence/Exception-Driven V2.
docs/stories/P23.08.story.md,ARCHIVED_LEGACY_BACKLOG,f395ae0eec4dc1682d96226683c346225845c15ef71334b351a41d81a6b47f1e,Backlog predates Production Intelligence/Exception-Driven V2.
docs/stories/P23.09.story.md,ARCHIVED_LEGACY_BACKLOG,07a11fef29c3bd00ab2c2bf3b71e81e2cc55444be0fc64042db93904564570af,Backlog predates Production Intelligence/Exception-Driven V2.
docs/stories/P24.01.story.md,ARCHIVED_LEGACY_BACKLOG,0c532691031f46c77c8e3eadefbd22011bf262f1ad1be0bced0365c8eb41bb3a,Backlog predates Production Intelligence/Exception-Driven V2.
docs/stories/P24.02.story.md,ARCHIVED_LEGACY_BACKLOG,90b5a4221443c2522ab10b01d9a744f321fe911b0a7ce0d30ecdcecd381be86c,Backlog predates Production Intelligence/Exception-Driven V2.
docs/stories/P24.03.story.md,ARCHIVED_LEGACY_BACKLOG,66a38d733e458e11e86195907771161a4fae1a52c11a9fd8dfdf2eb48e3ff28e,Backlog predates Production Intelligence/Exception-Driven V2.
docs/stories/P24.04.story.md,ARCHIVED_LEGACY_BACKLOG,c9de0792d45d9fc4e7bff36cddf40cba2d6ffb8e4c261e3648e85f4ba769e044,Backlog predates Production Intelligence/Exception-Driven V2.
docs/stories/P24.05.story.md,ARCHIVED_LEGACY_BACKLOG,ba4548fdae462e8d980fd09678d5e0a9b61f5f11529229d53361ae93f6495a6f,Backlog predates Production Intelligence/Exception-Driven V2.
docs/stories/P24.06.story.md,ARCHIVED_LEGACY_BACKLOG,9359eb56e2afda8416c0a9b7273ee4f1aab5ba1b06cfc21fe5a414b898a188de,Backlog predates Production Intelligence/Exception-Driven V2.
docs/stories/P24.07.story.md,ARCHIVED_LEGACY_BACKLOG,86fbbd1eeaec92c1b285570d87726d01720417935479bcaf1d367498ac46e68e,Backlog predates Production Intelligence/Exception-Driven V2.
docs/stories/P3.01.story.md,ARCHIVED_LEGACY_BACKLOG,c14f8ffca26d9b294e57ef6adc545d9a4a5beb03b1ddb4a7ac63c110e380e98d,Backlog predates Production Intelligence/Exception-Driven V2.
docs/stories/P3.02.story.md,ARCHIVED_LEGACY_BACKLOG,47269565b33ee753bc7324636eaf726fa03de58ca294595e1059e7f9ccfa0bc2,Backlog predates Production Intelligence/Exception-Driven V2.
docs/stories/P3.03.story.md,ARCHIVED_LEGACY_BACKLOG,84c65265e576716186f5e3485384a8febc94a0c8bfade5140a54a27c2229d458,Backlog predates Production Intelligence/Exception-Driven V2.
docs/stories/P3.04.story.md,ARCHIVED_LEGACY_BACKLOG,f46842636779f7c2338f936c3fc034662da84eb30c08c4916bb82482287109a1,Backlog predates Production Intelligence/Exception-Driven V2.
docs/stories/P3.05.story.md,ARCHIVED_LEGACY_BACKLOG,af892b9203c424a751c929342de84e98eec0d565f983482657d2e4b2c727f955,Backlog predates Production Intelligence/Exception-Driven V2.
docs/stories/P3.06.story.md,ARCHIVED_LEGACY_BACKLOG,226c1ff364581310e5e9d89e4e8ff6a73ed8d01ae660d8d1482694cd060973ca,Backlog predates Production Intelligence/Exception-Driven V2.
docs/stories/P3.07.story.md,ARCHIVED_LEGACY_BACKLOG,25324c8f4f805aa759ff17bb93112ce0b490efcad5b65a7e90543324f6c35fa6,Backlog predates Production Intelligence/Exception-Driven V2.
docs/stories/P3.08.story.md,ARCHIVED_LEGACY_BACKLOG,833312785461eeaf666bb4af958d941aa1018cae41205a3017e30e4ec9f1b69b,Backlog predates Production Intelligence/Exception-Driven V2.
docs/stories/P3.09.story.md,ARCHIVED_LEGACY_BACKLOG,a2e93ebc0766947ebd16233ae54377786b955034edba54b192bb3f71a1c3a755,Backlog predates Production Intelligence/Exception-Driven V2.
docs/stories/P3.10.story.md,ARCHIVED_LEGACY_BACKLOG,5bbafe1be5b7686578c029b1f326e24c680de12b9443607f504a3625206b05f3,Backlog predates Production Intelligence/Exception-Driven V2.
docs/stories/P4.01.story.md,ARCHIVED_LEGACY_BACKLOG,1ef0c27e7be39db3cd0f8d69597e1d6f341997fe270f1be567c4ac6ad8960acc,Backlog predates Production Intelligence/Exception-Driven V2.
docs/stories/P4.02.story.md,ARCHIVED_LEGACY_BACKLOG,c4f2ee75c076cc068703b82832f0701cc4390785e0c18025e3f764b1c9f4a5e9,Backlog predates Production Intelligence/Exception-Driven V2.
docs/stories/P4.03.story.md,ARCHIVED_LEGACY_BACKLOG,960ee6782ec2abadc0f3219b1a6bc00e7ea94a5627e54ab0b5bec2b0430863f9,Backlog predates Production Intelligence/Exception-Driven V2.
docs/stories/P4.04.story.md,ARCHIVED_LEGACY_BACKLOG,747f3e116f1919af5203d0eec1161fbb45cbb6eed24d6571f135e465c35bafb8,Backlog predates Production Intelligence/Exception-Driven V2.
docs/stories/P4.05.story.md,ARCHIVED_LEGACY_BACKLOG,23cfe6c63209800d9f0a4d8dd919aa3703b2fe356b4d27a01af5336745e3597e,Backlog predates Production Intelligence/Exception-Driven V2.
docs/stories/P4.06.story.md,ARCHIVED_LEGACY_BACKLOG,5a1c97ff72cf59454320fc7cbc00851c4a0dbd330be7cde9ec4cd35ed2adebaa,Backlog predates Production Intelligence/Exception-Driven V2.
docs/stories/P4.07.story.md,ARCHIVED_LEGACY_BACKLOG,fe5646e1dd8ee18351a1770f02f09c1b5fc1d1f44da2f388e0b5394cc4fdd378,Backlog predates Production Intelligence/Exception-Driven V2.
docs/stories/P4.08.story.md,ARCHIVED_LEGACY_BACKLOG,8b6a2afd8f7f43df16d3e5ca77221cc00e73be19b6d270c55b942491f473c1be,Backlog predates Production Intelligence/Exception-Driven V2.
docs/stories/P4.09.story.md,ARCHIVED_LEGACY_BACKLOG,1e8a73a5db1ac4a663125b7745c0cb07ecfdfbab69e1829ce4e3f5c6c13fe503,Backlog predates Production Intelligence/Exception-Driven V2.
docs/stories/P4.10.story.md,ARCHIVED_LEGACY_BACKLOG,3c33ef828c0a3f482f44d0493bf190c739208cb77a9b5cacaf378ee3d59d6985,Backlog predates Production Intelligence/Exception-Driven V2.
docs/stories/P4.11.story.md,ARCHIVED_LEGACY_BACKLOG,1b04b5028d4aba1323a7404b2ec643bf0cb73fe396d0dc4a0a20f4342e6d9452,Backlog predates Production Intelligence/Exception-Driven V2.
docs/stories/P5.01.story.md,ARCHIVED_LEGACY_BACKLOG,ee311eb776d62c3db6acfc1e5bce033335ac52dc93db44e336f33e0c22a8d162,Backlog predates Production Intelligence/Exception-Driven V2.
docs/stories/P5.02.story.md,ARCHIVED_LEGACY_BACKLOG,888aa142e61b8db3f24d223c0efd51dbb46d9c8a11c90d16a86c5efe40daf5ca,Backlog predates Production Intelligence/Exception-Driven V2.
docs/stories/P5.03.story.md,ARCHIVED_LEGACY_BACKLOG,90234252cdfb9ac2a8e116e3d4b2c32955c6186885a3c09ed1f23adcdb77ef1d,Backlog predates Production Intelligence/Exception-Driven V2.
docs/stories/P5.04.story.md,ARCHIVED_LEGACY_BACKLOG,7562a4c5ddbac81af0bafd26186e8ece2f1fec649bb45dcb88fbd130c554d9c8,Backlog predates Production Intelligence/Exception-Driven V2.
docs/stories/P5.05.story.md,ARCHIVED_LEGACY_BACKLOG,c7301e1f3978f38d3da0d2b9282eb79e49faef8662f130ebea8725a27d837725,Backlog predates Production Intelligence/Exception-Driven V2.
docs/stories/P5.06.story.md,ARCHIVED_LEGACY_BACKLOG,da8f609e6e436a11294b41d7bf53047b89f921a71999b8d0a991da0835b9033d,Backlog predates Production Intelligence/Exception-Driven V2.
docs/stories/P5.07.story.md,ARCHIVED_LEGACY_BACKLOG,f25d8d62811631f9a550856ddd41a5bdd28a8fde42235c350cbd7aae3524307b,Backlog predates Production Intelligence/Exception-Driven V2.
docs/stories/P5.08.story.md,ARCHIVED_LEGACY_BACKLOG,6f0b17a1b870c4664cf8b18fed3ca0194e35bff08f04b14c1e03fc721237b943,Backlog predates Production Intelligence/Exception-Driven V2.
docs/stories/P5.09.story.md,ARCHIVED_LEGACY_BACKLOG,feeaee10253a949ec3a708ccb397988879ea0e6ac4887f0b0813cc279f98a7bf,Backlog predates Production Intelligence/Exception-Driven V2.
docs/stories/P6.01.story.md,ARCHIVED_LEGACY_BACKLOG,516304430fe117ce7631079394313c5e491016b301cf0d247a8d8a77bcf08ad2,Backlog predates Production Intelligence/Exception-Driven V2.
docs/stories/P6.02.story.md,ARCHIVED_LEGACY_BACKLOG,418522e74bff60475e9f15d654e3b72953836c97332aa57e031ff852a96e6406,Backlog predates Production Intelligence/Exception-Driven V2.
docs/stories/P6.03.story.md,ARCHIVED_LEGACY_BACKLOG,425b2bbde0d773369ed5401c5bc012c87dd5e2ad7acdee66e9aa2bff8b22d0a5,Backlog predates Production Intelligence/Exception-Driven V2.
docs/stories/P6.04.story.md,ARCHIVED_LEGACY_BACKLOG,0e1495d69001efe42d9544b4740ee956558eb2a5f82cd857240dbd59ff8f255c,Backlog predates Production Intelligence/Exception-Driven V2.
docs/stories/P6.05.story.md,ARCHIVED_LEGACY_BACKLOG,6f83f6a001e6e74aebcddd7f5cd90e9ba7301b64f2f39ae7c7d18640714cdf5a,Backlog predates Production Intelligence/Exception-Driven V2.
docs/stories/P6.06.story.md,ARCHIVED_LEGACY_BACKLOG,ef675f620dcfded4c6f0bfa6f151d9005121a0e82c3dc8bb305e6c5375c37d37,Backlog predates Production Intelligence/Exception-Driven V2.
docs/stories/P6.07.story.md,ARCHIVED_LEGACY_BACKLOG,81858575763ab4de2051810c68996e5d6eedd4155f2e223809d953875ebdc7c8,Backlog predates Production Intelligence/Exception-Driven V2.
docs/stories/P6.08.story.md,ARCHIVED_LEGACY_BACKLOG,329efe4eb2e31ebf451f8002fc5eeb1dc40a32dd6cdec54a682af95f9aad56fe,Backlog predates Production Intelligence/Exception-Driven V2.
docs/stories/P6.09.story.md,ARCHIVED_LEGACY_BACKLOG,c945d0ba0c0e983b242bf866c175b8478496fcb99459db9dc192acb8dfd41de2,Backlog predates Production Intelligence/Exception-Driven V2.
docs/stories/P7.01.story.md,ARCHIVED_LEGACY_BACKLOG,e9d12e792a7e0d254cc1b3219b9169ed8266bebe166375531d97f95080aac852,Backlog predates Production Intelligence/Exception-Driven V2.
docs/stories/P7.02.story.md,ARCHIVED_LEGACY_BACKLOG,99a7976070859bd2af2d9a5b1eb49668cb3cddd0443a374159e97cd3380f37ba,Backlog predates Production Intelligence/Exception-Driven V2.
docs/stories/P7.03.story.md,ARCHIVED_LEGACY_BACKLOG,89e1af9b2ad2688759adad56edf2972202d478b4c2936980f8f23e47ead15b72,Backlog predates Production Intelligence/Exception-Driven V2.
docs/stories/P7.04.story.md,ARCHIVED_LEGACY_BACKLOG,9c635c4df057ac2a54849bd02d12d583151c7379ee79021fad53c11c513bd905,Backlog predates Production Intelligence/Exception-Driven V2.
docs/stories/P7.05.story.md,ARCHIVED_LEGACY_BACKLOG,3481b9dd2305d2495cb9ade1e7111736a54e857feda1f06187d3b6427ae6f65d,Backlog predates Production Intelligence/Exception-Driven V2.
docs/stories/P7.06.story.md,ARCHIVED_LEGACY_BACKLOG,7371e58f147a25d9bc599ea0e5bd207b6b12c29f0960d40a45fdcc99881612ea,Backlog predates Production Intelligence/Exception-Driven V2.
docs/stories/P7.07.story.md,ARCHIVED_LEGACY_BACKLOG,9a7f2a61899963552cadc981637af89dd476128cb4d1e1f1a6ae448709e6d429,Backlog predates Production Intelligence/Exception-Driven V2.
docs/stories/P7.08.story.md,ARCHIVED_LEGACY_BACKLOG,ffe7e2b1e20a93c491d55da17cdbb1f78123014ee050a5d9937a24bfa131338c,Backlog predates Production Intelligence/Exception-Driven V2.
docs/stories/P7.09.story.md,ARCHIVED_LEGACY_BACKLOG,6ee1f58c07d95d8919b0933154393aa17c9cd2509731778accb8917aa145d3d0,Backlog predates Production Intelligence/Exception-Driven V2.
docs/stories/P7.10.story.md,ARCHIVED_LEGACY_BACKLOG,b328ccab6a1a969435097366e629694489d4a3a64ca07dd07c6ba2dfa6ab352d,Backlog predates Production Intelligence/Exception-Driven V2.
docs/stories/P8.01.story.md,ARCHIVED_LEGACY_BACKLOG,e2e9b1dea453b933798a787d470e69f68d8b2785cfec6f26344ed28c5349aaa3,Backlog predates Production Intelligence/Exception-Driven V2.
docs/stories/P8.02.story.md,ARCHIVED_LEGACY_BACKLOG,a22f2a08381a036593f0a559cc9e072fcd93a774daf30dd4fc9072fd51f41346,Backlog predates Production Intelligence/Exception-Driven V2.
docs/stories/P8.03.story.md,ARCHIVED_LEGACY_BACKLOG,08077e62bfaf82099905fd85e5f281be34c75a5fe91932a54c345d37bc8df3ba,Backlog predates Production Intelligence/Exception-Driven V2.
docs/stories/P8.04.story.md,ARCHIVED_LEGACY_BACKLOG,a361ad65fea269260f03d5f834d8548235fa1a260d855bde06cb4a8b0f6bc546,Backlog predates Production Intelligence/Exception-Driven V2.
docs/stories/P8.05.story.md,ARCHIVED_LEGACY_BACKLOG,8eaad91c722f940a8099310088320cd80e02ce1468a70c2038d0d52a6f0a0b01,Backlog predates Production Intelligence/Exception-Driven V2.
docs/stories/P8.06.story.md,ARCHIVED_LEGACY_BACKLOG,286687aeb5e4c1f8165c45a38020210e1dcde2b9fe92dc3c822dd74eae650fc4,Backlog predates Production Intelligence/Exception-Driven V2.
docs/stories/P8.07.story.md,ARCHIVED_LEGACY_BACKLOG,9737c48d9b2852c42e4cfa26783fea327ab899280a25e5fc48298067a897c51c,Backlog predates Production Intelligence/Exception-Driven V2.
docs/stories/P8.08.story.md,ARCHIVED_LEGACY_BACKLOG,c6f53f89f558c9b84af8ea9807ecacbf1020c9ea28503e092ccc25d1ce0e4b6f,Backlog predates Production Intelligence/Exception-Driven V2.
docs/stories/P8.09.story.md,ARCHIVED_LEGACY_BACKLOG,76d0608176778cdacbc2f0302a113786f74a49a8561ace67fbb762ce28a29ff6,Backlog predates Production Intelligence/Exception-Driven V2.
docs/stories/P8.10.story.md,ARCHIVED_LEGACY_BACKLOG,f0cf26cc99c5d6ec317211ee21bddd2533b6993c8ba3fd44dd640e9c46fdac22,Backlog predates Production Intelligence/Exception-Driven V2.
docs/stories/P8.11.story.md,ARCHIVED_LEGACY_BACKLOG,da818c034dc60b2039dc319447067a39cc75c3991a81b36cc5116190eee24fbf,Backlog predates Production Intelligence/Exception-Driven V2.
docs/stories/P8.12.story.md,ARCHIVED_LEGACY_BACKLOG,afb5a147ae489aad12b537f0bf739064a038230b61f657748f2caa579ff73f80,Backlog predates Production Intelligence/Exception-Driven V2.
docs/stories/P9.01.story.md,ARCHIVED_LEGACY_BACKLOG,eb2dc6dbdcf8124b56b79f10f0442a85dea0084e9a69ab47bfeb2c819f6f192c,Backlog predates Production Intelligence/Exception-Driven V2.
docs/stories/P9.02.story.md,ARCHIVED_LEGACY_BACKLOG,90d07d9dad0aa5aa54d9e20071fee13f135a02a9960253a2096f7f3ae2e4d1bb,Backlog predates Production Intelligence/Exception-Driven V2.
docs/stories/P9.03.story.md,ARCHIVED_LEGACY_BACKLOG,5e307a3be0c4912f71f9a320e5161aea29a6eddeff48a23f8238846d556ed635,Backlog predates Production Intelligence/Exception-Driven V2.
docs/stories/P9.04.story.md,ARCHIVED_LEGACY_BACKLOG,20abfda2a22e2eae52df483f7d9b3d30632238fbb429455d8117081759ffb6fa,Backlog predates Production Intelligence/Exception-Driven V2.
docs/stories/P9.05.story.md,ARCHIVED_LEGACY_BACKLOG,e57c1cb1e5ec2295878b51dbe2ba8b2d8fb6c9a45a3f8c403bedb74f02c027f9,Backlog predates Production Intelligence/Exception-Driven V2.
docs/stories/P9.06.story.md,ARCHIVED_LEGACY_BACKLOG,737da7d7664854257f6e5a7981cc92c47e9520c7291106f0c81d4d80a67a14c8,Backlog predates Production Intelligence/Exception-Driven V2.
docs/stories/P9.07.story.md,ARCHIVED_LEGACY_BACKLOG,795d43b1e370064363b57b6aa1bb698722f0e4230e00fbab1e4085d9dbe1e6b2,Backlog predates Production Intelligence/Exception-Driven V2.
docs/stories/P9.08.story.md,ARCHIVED_LEGACY_BACKLOG,9eb985111219a7124d128c7901692da410cf572837ef3c8c92134ad313bc67a0,Backlog predates Production Intelligence/Exception-Driven V2.
docs/stories/P9.09.story.md,ARCHIVED_LEGACY_BACKLOG,0ea27ec4e7dfd557e56789ec4cc679a3bd3c623bafdb3c23ac3e08b80537ed02,Backlog predates Production Intelligence/Exception-Driven V2.
docs/stories/P9.10.story.md,ARCHIVED_LEGACY_BACKLOG,35f59827e2222684896fab270f0d0d94d376e2b9f86575de173cd70c64faf86f,Backlog predates Production Intelligence/Exception-Driven V2.
eslint.boundaries.mjs,PRESERVED_RENAMED,0c0011d9fb2d5c5caa1c7de819deaf30159a7a3878a1fe765853c801a267ad95,Technical scaffold migrated to ZENLABS namespace.
eslint.config.mjs,PRESERVED_RENAMED,247c2d012f8bc8422bb9368797c9335a2af2f0d944f2752b6b1cfff77c4c46e4,Technical scaffold migrated to ZENLABS namespace.
package.json,PRESERVED_RENAMED,4de52e96d06b0fd4eaf839c55d98bfb964d2aaf55f055f7b5c90e0bdff2be15c,Technical scaffold migrated to ZENLABS namespace.
packages/config/package.json,PRESERVED_RENAMED,8e34d3ac3441918b8feedc4541cdb1106815d270e23b1e5b36f322468032afa8,Technical scaffold migrated to ZENLABS namespace.
packages/config/src/environment.ts,PRESERVED_RENAMED,a8655f78db455dcd782766ff2c34ecb499dac8f63760745bdbfc5d26d8402304,Technical scaffold migrated to ZENLABS namespace.
packages/config/src/index.ts,PRESERVED_RENAMED,f3118d1be703da94be8bbdfcbb0d31ab8676ae3820cb4e29c99458b10d5542c3,Technical scaffold migrated to ZENLABS namespace.
packages/config/src/load.ts,PRESERVED_RENAMED,0a550de89f90c3d1eb5e7dffc833f943edfecba7f5d988c106ee2fc553ab1c6f,Technical scaffold migrated to ZENLABS namespace.
packages/config/src/schema.ts,PRESERVED_RENAMED,16f2c9937649067ccb6277e130323182ea5038dfb9c7ace10a8313d8f46fb4a5,Technical scaffold migrated to ZENLABS namespace.
packages/config/test/fail-fast-boot.test.ts,PRESERVED_RENAMED,d3c13552fc7ec22e87bd917a61441a1585433792202d1b583d619bcc845c589a,Technical scaffold migrated to ZENLABS namespace.
packages/config/test/fixtures/boot.ts,PRESERVED_RENAMED,81372513b2d5f2da1452cc5b2959980fb3257e88bfe812fd2bd6b5c83d7cf450,Technical scaffold migrated to ZENLABS namespace.
packages/config/test/load.test.ts,PRESERVED_RENAMED,b7a91a7138d3dc9867be52f0afe716aa32fa3a4b7e6940eca16e9e8af805dcd8,Technical scaffold migrated to ZENLABS namespace.
packages/config/tsconfig.build.json,PRESERVED_RENAMED,742acc82a5e51155a0ab6ea2bef5faa0e2cb1f348f46c281bf400da79aaa609b,Technical scaffold migrated to ZENLABS namespace.
packages/config/tsconfig.json,PRESERVED_RENAMED,a167feb6be11aa4a2513e959c01478efc0c1e4779611f0c7b8523b9cd8a19691,Technical scaffold migrated to ZENLABS namespace.
packages/contracts/package.json,PRESERVED_RENAMED,d179735de400e37b6765914135ba344d8ef9b8f5a94820492cf637027a074f0f,Technical scaffold migrated to ZENLABS namespace.
packages/contracts/src/errors/error-codes.ts,PRESERVED_RENAMED,848ea2a27fd507016f6e1c94ede5663f33b68ef2d331161a7adc2fbacb4fdbea,Technical scaffold migrated to ZENLABS namespace.
packages/contracts/src/errors/problem-details.ts,PRESERVED_RENAMED,2f61bd768781c3098f00797f0e2eae79d1463fc2e0859325f21ebddf87db4311,Technical scaffold migrated to ZENLABS namespace.
packages/contracts/src/events/domain-event.ts,PRESERVED_RENAMED,75e75f10051821cf4d8cfb773fadfd22b9983265f3a24a2be1c9d7faa3bf6039,Technical scaffold migrated to ZENLABS namespace.
packages/contracts/src/http/headers.ts,PRESERVED_RENAMED,b7f1ac67f0350db6f51276763cce5aba47c2d9e072babde08fa775e1c5ea19a0,Technical scaffold migrated to ZENLABS namespace.
packages/contracts/src/http/pagination.ts,PRESERVED_RENAMED,fd9df6b24ab5c4923c2eee1557e6e8c84bf98b5267a2d1c4828d1603d4701d54,Technical scaffold migrated to ZENLABS namespace.
packages/contracts/src/index.ts,PRESERVED_RENAMED,d5007c7c5dfa32dab7c626247c68bcc3c0a4e7efcea160d2514f348315717197,Technical scaffold migrated to ZENLABS namespace.
packages/contracts/test/error-codes.test.ts,PRESERVED_RENAMED,cd16cd01e598904e8718d96a50d84b32578aab71b8ead30df5120c0b1d95bb9c,Technical scaffold migrated to ZENLABS namespace.
packages/contracts/test/export-surface.test.ts,PRESERVED_RENAMED,ad2f3f2138aa66bb3ce928d28079484885b6dbf3e8857294d187d058ec0a8a44,Technical scaffold migrated to ZENLABS namespace.
packages/contracts/test/schemas.test.ts,PRESERVED_RENAMED,1cca15234442306414b9211a60283bbebd016b8544c5673fb65d2d980f713c13,Technical scaffold migrated to ZENLABS namespace.
packages/contracts/tsconfig.build.json,PRESERVED_RENAMED,742acc82a5e51155a0ab6ea2bef5faa0e2cb1f348f46c281bf400da79aaa609b,Technical scaffold migrated to ZENLABS namespace.
packages/contracts/tsconfig.json,PRESERVED_RENAMED,a167feb6be11aa4a2513e959c01478efc0c1e4779611f0c7b8523b9cd8a19691,Technical scaffold migrated to ZENLABS namespace.
packages/database/package.json,PRESERVED_RENAMED,ae5627adc501280c82b486b1e9d4fd1eb307bd12f54a94a1c72a649250c7e1d0,Technical scaffold migrated to ZENLABS namespace.
packages/database/src/index.ts,PRESERVED_RENAMED,03fa98211fb49d9fb1b3084bf34bf4e817f15c8841449268db14e02ff3b39992,Technical scaffold migrated to ZENLABS namespace.
packages/database/tsconfig.build.json,PRESERVED_RENAMED,742acc82a5e51155a0ab6ea2bef5faa0e2cb1f348f46c281bf400da79aaa609b,Technical scaffold migrated to ZENLABS namespace.
packages/database/tsconfig.json,PRESERVED_RENAMED,a167feb6be11aa4a2513e959c01478efc0c1e4779611f0c7b8523b9cd8a19691,Technical scaffold migrated to ZENLABS namespace.
packages/observability/package.json,PRESERVED_RENAMED,e3dec602806bbc1136ed06d49f2cfd1e7bc46eb1e3fe8e864047e4950c340f72,Technical scaffold migrated to ZENLABS namespace.
packages/observability/src/correlation.ts,PRESERVED_RENAMED,edff35c6087e4c0f86bc4f4b4d7af434f2adc2e1a16e065a13ec10302d172532,Technical scaffold migrated to ZENLABS namespace.
packages/observability/src/index.ts,PRESERVED_RENAMED,37a2269fce7c42be0e7dd5520c786517ec4787c85606a43676498f8b0fb32a92,Technical scaffold migrated to ZENLABS namespace.
packages/observability/src/logger.ts,PRESERVED_RENAMED,d62b788f0fed8f96ff19ead5598622168f92552785389b8ce820bf46d98c4475,Technical scaffold migrated to ZENLABS namespace.
packages/observability/tsconfig.build.json,PRESERVED_RENAMED,742acc82a5e51155a0ab6ea2bef5faa0e2cb1f348f46c281bf400da79aaa609b,Technical scaffold migrated to ZENLABS namespace.
packages/observability/tsconfig.json,PRESERVED_RENAMED,a167feb6be11aa4a2513e959c01478efc0c1e4779611f0c7b8523b9cd8a19691,Technical scaffold migrated to ZENLABS namespace.
packages/providers/package.json,PRESERVED_RENAMED,34ef77411e5fd604bf57e1e9642262e6207e3b216ee7a50114d6ee5d403b5983,Technical scaffold migrated to ZENLABS namespace.
packages/providers/src/index.ts,PRESERVED_RENAMED,a2bae9e3d2cf395dbd0e850f4b95267ab6d520291d7b638789a4ea854d04cfe7,Technical scaffold migrated to ZENLABS namespace.
packages/providers/tsconfig.build.json,PRESERVED_RENAMED,742acc82a5e51155a0ab6ea2bef5faa0e2cb1f348f46c281bf400da79aaa609b,Technical scaffold migrated to ZENLABS namespace.
packages/providers/tsconfig.json,PRESERVED_RENAMED,a167feb6be11aa4a2513e959c01478efc0c1e4779611f0c7b8523b9cd8a19691,Technical scaffold migrated to ZENLABS namespace.
packages/security/package.json,PRESERVED_RENAMED,1b1f7228ff0036135e91142d08319b652bfdd9c31ba78ae5687bf1c99104dc6e,Technical scaffold migrated to ZENLABS namespace.
packages/security/src/index.ts,PRESERVED_RENAMED,8458920819781db191e79860b193ff6c0be932ad095b64ffd6ac13a2073ed6ab,Technical scaffold migrated to ZENLABS namespace.
packages/security/tsconfig.build.json,PRESERVED_RENAMED,742acc82a5e51155a0ab6ea2bef5faa0e2cb1f348f46c281bf400da79aaa609b,Technical scaffold migrated to ZENLABS namespace.
packages/security/tsconfig.json,PRESERVED_RENAMED,a167feb6be11aa4a2513e959c01478efc0c1e4779611f0c7b8523b9cd8a19691,Technical scaffold migrated to ZENLABS namespace.
packages/ui/package.json,PRESERVED_RENAMED,c97b855309cbda26b2bf44d9a76270e364c6f155bd1f877d836a6cfbc19bc19f,Technical scaffold migrated to ZENLABS namespace.
packages/ui/src/index.ts,PRESERVED_RENAMED,2c052720d80fd89512bd59f1ac97e57ab0411b1900c1652279b833a964ff9f84,Technical scaffold migrated to ZENLABS namespace.
packages/ui/tsconfig.build.json,PRESERVED_RENAMED,742acc82a5e51155a0ab6ea2bef5faa0e2cb1f348f46c281bf400da79aaa609b,Technical scaffold migrated to ZENLABS namespace.
packages/ui/tsconfig.json,PRESERVED_RENAMED,a167feb6be11aa4a2513e959c01478efc0c1e4779611f0c7b8523b9cd8a19691,Technical scaffold migrated to ZENLABS namespace.
pnpm-lock.yaml,PRESERVED_RENAMED,d1961c39eb5c3e26dff3e1d00967832f9f4a8f8635dcf7a215340fbcec707d87,Technical scaffold migrated to ZENLABS namespace.
pnpm-workspace.yaml,PRESERVED_RENAMED,60ce4d1dbf137701a4683d171391c51662700c2f3e32a7caab8b2efc22540e65,Technical scaffold migrated to ZENLABS namespace.
scripts/ci/run-pipeline.mjs,PRESERVED_RENAMED,96b8d6a6d2bfc98e26212d5422dd677bf567163f4c1abeb776b3337b9f300a47,Technical scaffold migrated to ZENLABS namespace.
scripts/ci/stages.mjs,PRESERVED_RENAMED,fe4f7a3de3327c205aa3cef7ddd3eba5b7787d150ff46cfa8765753492d0dcd1,Technical scaffold migrated to ZENLABS namespace.
scripts/fitness/ff-04-dependency-graph.mjs,PRESERVED_RENAMED,d7c5cb831487fb2aa27b5f5862d31f7c4cc71bc1d6a92737d239ccfb8f9d42d9,Technical scaffold migrated to ZENLABS namespace.
scripts/fitness/ff-18-openapi-matches-contracts.mjs,PRESERVED_RENAMED,48be79f69c35acfee7b86c8dee6f8f24b77d9b7385611496f7bade7cc8382168,Technical scaffold migrated to ZENLABS namespace.
scripts/fitness/ff-19-no-committed-secret.mjs,PRESERVED_RENAMED,1e4bd7ee293f32d40a0e4fc9d2615f9975742f41b52243919a0d98b81f2b2ab8,Technical scaffold migrated to ZENLABS namespace.
scripts/fitness/lib/graph.mjs,PRESERVED_RENAMED,d4be44a0b27fb81d81774da036f629ce3477de22d12b77917e33ace4ad13431c,Technical scaffold migrated to ZENLABS namespace.
scripts/fitness/lib/secret-scan.mjs,PRESERVED_RENAMED,4d036bd72128143b15fc15dab629e783657200eb4304f8ede85e5ac5ea275c39,Technical scaffold migrated to ZENLABS namespace.
scripts/fitness/run-all.mjs,PRESERVED_RENAMED,807901b9b13245e1c19749637e1897f2b08fdcb32ec5cb1b932f3c997d855665,Technical scaffold migrated to ZENLABS namespace.
scripts/scaffold-workspaces.mjs,PRESERVED_RENAMED,2b6ed9e123e8f726327b11eb2073ce721e2837dd1e0cf57cf56c360a5203fa3b,Technical scaffold migrated to ZENLABS namespace.
test/api/ff-18.test.mjs,PRESERVED_RENAMED,2bc658d47167864ecc2c6f86443afa5f2d632b3247723b9c9b1bf27bacad276b,Technical scaffold migrated to ZENLABS namespace.
test/architecture/ff-04.test.mjs,PRESERVED_RENAMED,8f6906de063a04e47db0f07aada2f2b55c9c2460a2b1bedc66a19bd719049b51,Technical scaffold migrated to ZENLABS namespace.
test/architecture/package-graph.test.ts,PRESERVED_RENAMED,aa7d8e361f70a992005d4603fccf77c589600ced9486fd5e4e4f2258ad7da654,Technical scaffold migrated to ZENLABS namespace.
test/architecture/validation-authority.test.mjs,PRESERVED_RENAMED,7575f2b5f748de133da5a223023e5d2bd1dc8562b9232f3ec49e11d30fd643f4,Technical scaffold migrated to ZENLABS namespace.
test/ci/blocking.test.mjs,PRESERVED_RENAMED,88cda14da81e5f3200ff6f5a91a73ce7c63304f67bb9ba6783bcb6ee544c77a9,Technical scaffold migrated to ZENLABS namespace.
test/ci/pipeline.test.mjs,PRESERVED_RENAMED,8bfe530e42817f5d06ce59cd257ab825fe910d0560e8202787ae403bfeed57f3,Technical scaffold migrated to ZENLABS namespace.
test/security/dependency-overrides.test.mjs,PRESERVED_RENAMED,90de9a35967e7c978536353a0789d9edd07d38ea990d0e319f8f852d0d40b1b1,Technical scaffold migrated to ZENLABS namespace.
test/security/ff-19.test.mjs,PRESERVED_RENAMED,4fb42e142b9fba78b112e9d9b5fec203abf28c6fd4b64089c856cc7f475b2cb8,Technical scaffold migrated to ZENLABS namespace.
test/workers/api-lifecycle.test.mjs,PRESERVED_RENAMED,61668bd6182c9fc1257794f5a8083acd3ab90df787cefbcf49dca46177cc923b,Technical scaffold migrated to ZENLABS namespace.
test/workers/lifecycle.test.mjs,PRESERVED_RENAMED,fbb14fb7f3656a4865b46bdc6163ac3201fc4805ae0979d664db50efd56aade3,Technical scaffold migrated to ZENLABS namespace.
test/workers/queue-manifest.test.mjs,PRESERVED_RENAMED,a2526effeb52fccbdd0f24185bdf0460b3e9de21c95c5b20fff85efc35b62a0a,Technical scaffold migrated to ZENLABS namespace.
test/workers/web-lifecycle.test.mjs,PRESERVED_RENAMED,767c4e29289a0368119736ae99eb7f38dd66b770be8eebbd3813d52cbef7da4c,Technical scaffold migrated to ZENLABS namespace.
tsconfig.base.json,PRESERVED_RENAMED,61c7e045197a69d47a2e5e1bd4aa856305c5af49a3d38edec96ab638178da38d,Technical scaffold migrated to ZENLABS namespace.
tsconfig.json,PRESERVED_RENAMED,2f319e3d05ab86aede6bcc3224c869dd76726aef071db9370804ee46cc192041,Technical scaffold migrated to ZENLABS namespace.
vitest.config.ts,PRESERVED_RENAMED,f14ec15a85eb010b9343e3d48a08dfce0549439ea0fdbed7c7a1c4307cc9f703,Technical scaffold migrated to ZENLABS namespace.
vitest.integration.config.ts,PRESERVED_RENAMED,53d20358de588d46073d6d1e09c8852e8feea599fd29e7a434704dbc2c1a13e8,Technical scaffold migrated to ZENLABS namespace.
